# Category	LocalIndex	DisplayName	DetailText
Infrastructure	0	도로	건설 비용: 15\n등장 시기: 식민지 시대, 세계대전 시대(다리)\n건물을 도로로 연결하여 상품 운송과 이동을 가능하게 합니다.
Infrastructure	1	철거	건설 비용: 무료\n등장 시기: 식민지 시대\n건물, 장식물, 다리, 도로를 철거합니다.
Infrastructure	2	항구	건설 비용: 9600\n등장 시기: 식민지 시대\n필요 인력: 6 (무학력자)\n비고: 도로, 해안, 최소 1개 필요\n효과: 수입/수출, 이민/이주 처리, 주변 치안 감소\n운영 모드:\n- 일반 통제\n- 철두철미한 검사 (범죄 -15, 효율 -20%)
Infrastructure	3	건설 사무소	건설 비용: 2000\n등장 시기: 식민지 시대\n필요 인력: 6 (무학력자)\n크기: 3x2\n비고: 도로, 최소 1개 필요\n운영 모드:\n- 일반 통제\n- 안전 규정 무시 (건설 속도 +20%, 사망 위험 10%)\n업그레이드:\n- 더 많은 일손 (1200, 일자리 +4)
Infrastructure	4	운송업자 사무소	건설 비용: 2000\n등장 시기: 식민지 시대\n필요 인력: 6 (무학력자)\n크기: 3x2\n비고: 도로, 최소 1개 필요\n운영 모드:\n- 안전 하중\n- 느슨한 하중 제한 (적하량 +50%, 최대 10% 화물 손실)\n업그레이드:\n- 교대 근무 (세계대전 시대, 2500, 일자리 +6)
Infrastructure	5	선창	건설 비용: 300\n등장 시기: 식민지 시대\n크기: 2x5\n비고: 해안\n시민/관광객의 보트 승하선을 지원합니다.
Infrastructure	6	화물창고	건설 비용: 1700\n등장 시기: 식민지 시대\n필요 인력: 갑판원 업그레이드 시 6 (무학력자)\n크기: 2x5\n비고: 해안, 도로\n운영 모드:\n- 안전 하중\n- 느슨한 속도 제한 (화물선 속도 +50%, 최대 5% 화물 손실)\n업그레이드:\n- 갑판원 (1200, 일자리 +6)
Infrastructure	7	창고	건설 비용: 4000\n등장 시기: 식민지 시대\n필요 인력: 없음\n크기: 3x3\n비고: 도로\n효과: 최대 3종류 상품 대량 보관 및 물류 지침 설정\n업그레이드:\n- 고층 진열대 (냉전, 5000, 슬롯당 보관량 +5000)\n- 무작위 창고 보관 (현대, 15000, 슬롯 보관량 +50%)
Infrastructure	8	변전소	설계도 비용: 1000\n건설 비용: 2000\n등장 시기: 세계대전 시대\n필요 인력: 없음\n필요 전력: 10MW\n크기: 1x1\n효과: 전력망 반경 확장, 공해 배출
Infrastructure	9	발전소	설계도 비용: 6000\n건설 비용: 12000\n등장 시기: 세계대전 시대\n필요 인력: 6 (고졸)\n생산 전력: 360MW\n크기: 4x6\n비고: 도로\n업그레이드:\n- 중앙 냉난방 (냉전, 4000)\n- 오염 필터 (냉전, 5000)\n- 석유 가열로 (냉전, 6000)
Infrastructure	10	대형 주차장	설계도 비용: 1000\n건설 비용: 1200\n등장 시기: 세계대전 시대\n필요 인력: 1 (무학력자)\n크기: 2x2\n비고: 도로\n효과: 부유한 시민/관광객 자동차 이용, 주변 치안 감소\n업그레이드:\n- 카메라 감시 (현대, 800)
Infrastructure	11	버스차고지	설계도 비용: 1000\n건설 비용: 1500\n등장 시기: 세계대전 시대\n필요 인력: 4 (무학력자)\n크기: 3x2\n비고: 도로\n운영 모드:\n- 승차권\n- 무료 승차\n업그레이드:\n- 전기 버스 (현대, 1500, 40MW 필요)
Infrastructure	12	버스 정류장	건설 비용: 0\n등장 시기: 세계대전 시대\n버스 노선의 지점을 설정합니다.\n버스차고지 건설 시 사용 가능합니다.
Infrastructure	13	터널 연결	건설 비용: 4000\n등장 시기: 세계대전 시대\n두 개의 터널을 연결해 고저차 지형을 우회하는 지름길 도로망을 만듭니다.\n기본 비용은 연결 길이에 따라 증가합니다.
Infrastructure	14	원자력 발전소	설계도 비용: 16000\n건설 비용: 32000\n등장 시기: 냉전 시대\n필요 인력: 4 (대졸)\n발전량: 800MW\n크기: 8x6\n비고: 도로\n운영 모드:\n- 전기 생산 집중\n- 우라늄 농축 (연구 필요)\n업그레이드:\n- 보관 용기 (냉전, 4000)\n- 납 차폐 (냉전, 6000)
Infrastructure	15	지하철역	설계도 비용: 2500\n건설 비용: 5000\n등장 시기: 냉전 시대\n필요 인력: 2 (무학력자)\n필요 전력: 20MW\n크기: 1x1\n효과: 같은 섬 지하철역 간 승객 이동\n업그레이드:\n- 조명 추가 (현대, 500)
Infrastructure	16	공중 케이블 기지	설계도 비용: 2250\n건설 비용: 9000\n등장 시기: 냉전 시대\n필요 인력: 4 (무학력자)\n필요 전력: 15MW\n크기: 2x2\n운영 모드:\n- 승차권\n- 무료 승차\n업그레이드:\n- 오디오 여행 가이드 (현대, 1500)
Infrastructure	17	풍력 터빈	설계도 비용: 1250\n건설 비용: 2500\n등장 시기: 현대 시대\n필요 인력: 없음\n크기: 2x2\n생산 전력: 70MW(최고효율)\n운영 모드:\n- 자연풍 발전\n- 분당 64회전 (연구 필요)
Infrastructure	18	해상 풍력 터빈	설계도 비용: 5000\n건설 비용: 9500\n등장 시기: 현대 시대\n필요 인력: 없음\n크기: 8x8\n생산 전력: 82MW(최고효율)\n운영 모드:\n- 공해 풍력 발전\n- 스모그 팬 (전력 45MW 소모, 공해 감소)
Infrastructure	19	태양광 발전소	설계도 비용: 9000\n건설 비용: 18000\n등장 시기: 현대 시대\n필요 인력: 3 (고졸)\n생산 전력: 450MW\n크기: 7x7\n운영 모드:\n- 화창한 오후\n- 태양광 과부하 (연구 필요)\n업그레이드:\n- 수프라 서페이스 3000메가 (현대, 5000)
FoodResource	0	코코넛 수확기	설계도 비용: 없음(기본 해금)\n건설 비용: 800\n등장 시기: 식민지 시대\n필요 인력: 6 (무학력자)\n크기: 3x2\n비고: 도로\n효과: 근처 야자수에서 코코넛 수확\n업그레이드:\n- 코코넛 절단기 (식민지, 300, 직업 품질 +5, 효율 +15%)\n- 치료 (냉전, 1500, 코코넛 재생 시간 -50%)
FoodResource	1	벌목소	설계도 비용: 없음\n건설 비용: 875\n등장 시기: 식민지 시대\n필요 인력: 6 (무학력자)\n크기: 3x2\n비고: 도로\n효과: 나무 벌목, 적은 공해 배출\n운영 모드:\n- 식수 병행 (묘목 재식재)\n- 숲 벌목 (묘목 재식재 없음)\n업그레이드:\n- 양묘장 (세계대전, 1500, 성장 시간 -50%)\n- 전기톱 (냉전, 1200, 효율 +20%, 직업 품질 +15)
FoodResource	2	어선 선착장	설계도 비용: 없음\n건설 비용: 1200\n등장 시기: 식민지 시대\n필요 인력: 4 (무학력자)\n크기: 5x6\n비고: 해안, 도로\n효과: 근처 어장에서 물고기 생산\n운영 모드:\n- 선조의 방식\n- 유망어업 (세계대전, 어장 1개당 물고기 1.75 생산)\n- 지역시장 공급 (냉전, 산출량 -25%, 고급 레스토랑 효율 보너스)\n업그레이드:\n- 형망 어업 (식민지, 750, 조개류 추가 생산)
FoodResource	3	대규모 농장	설계도 비용: 없음\n건설 비용: 1500\n등장 시기: 식민지 시대\n필요 인력: 8 (무학력자)\n크기: 최대 6x9\n비고: 도로\n효과: 선택 작물 재배\n운영 모드:\n- 단일 재배 (최대 효율, 비옥도 감소)\n- 다양한 재배 (효율 -40%, 비옥도 유지, 인접 보너스)\n업그레이드(요약):\n- 공통: 녹색 폐기물 분쇄기, 현대화(대규모 수경 농장 전환)\n- 작물별: 옥수수/바나나/파인애플/설탕/코코아/담배/커피/목화/고무 전용 업그레이드
FoodResource	4	퇴비 살포기	설계도 비용: 없음\n건설 비용: 300\n등장 시기: 식민지 시대\n필요 인력: 3 (무학력자)\n크기: 2x1\n비고: 도로\n효과: 범위 내 대규모 농장/목장 토양 악화 대응\n운영 모드:\n- 광역 살포\n- 집중 살포 (범위 -30%, 효율 +200%)\n업그레이드:\n- 코 죔쇠 (식민지, 300, 직업 품질 +15)\n- 더 높이 쌓기 (식민지, 600, 퇴비 재고 +2000)
FoodResource	5	목장	설계도 비용: 없음\n건설 비용: 900\n등장 시기: 식민지 시대\n필요 인력: 4 (무학력자)\n크기: 4x4\n효과: 가축 자원 생산(우유/고기/양모/생가죽/가죽)\n운영 모드:\n- 인도적인 착취\n- 방목 금지 (비옥도 유지, 효율 -15%)\n업그레이드(요약):\n- 공통: 가축병 예방접종\n- 가축별: 소/양/악어/돼지/염소/라마 전용 업그레이드
FoodResource	6	광산	설계도 비용: 없음\n건설 비용: 1200\n등장 시기: 식민지 시대\n필요 인력: 5 (무학력자)\n크기: 3x4\n효과: 석탄/철/황금/니켈/알루미늄/우라늄 채굴, 공해 배출\n운영 모드:\n- 기본\n- 수익 추구 절차\n업그레이드(요약):\n- 공통: 동력 드릴(15MW 필요, 효율 +25%), 카나리아(화재 위험 감소)\n- 자원별: 선탄장/배소실/유해폐기물 폐기장 등
FoodResource	7	정유시설	설계도 비용: 2500\n건설 비용: 5000\n등장 시기: 세계대전 시대\n필요 인력: 4 (고졸)\n크기: 2x2\n효과: 석유 추출, 공해 배출\n운영 모드:\n- 기본\n업그레이드:\n- 수리학적파쇄 시추공 (냉전, 3500, 효율 +20%, 공해 +50%)\n- 코일 튜브 시추기 (냉전, 2500, 매장지 소모량 감소)
FoodResource	8	양식장	설계도 비용: 4000\n건설 비용: 8000\n등장 시기: 냉전 시대\n필요 인력: 4 (고졸)\n필요 전력: 10MW\n크기: 3x4\n효과: 물고기/조개류 양식\n운영 모드:\n- 기본\n업그레이드:\n- 대용량 수조 (냉전, 2000, 생산량 +10%, 외부 재고 +1920)\n- 조수 시뮬레이터 (4000, 생산량 +25%, 전력 +25MW)\n- 해수 파이프라인 (냉전, 750, 가뭄/화재 면역)
FoodResource	9	석유 시추 장치	설계도 비용: 10000\n건설 비용: 20000\n등장 시기: 냉전 시대\n필요 인력: 6 (고졸)\n크기: 3x2\n비고: 해양\n효과: 해양 석유 매장지에서 석유 채굴
FoodResource	10	대규모 수경 농장	설계도 비용: 2000\n건설 비용: 4000\n등장 시기: 현대 시대\n필요 인력: 4 (고졸)\n필요 전력: 30MW\n크기: 3x5\n효과: 지역 작물 상태와 무관하게 선택 작물 생산
FoodResource	11	공장식 목장	설계도 비용: 2500\n건설 비용: 5000\n등장 시기: 현대 시대\n필요 인력: 4 (무학력자)\n필요 전력: 25MW\n크기: 4x4\n효과: 주변 가축 상태와 독립 운영, 사료 필요(옥수수/악어는 생선)\n비고: 적은 공해 배출
Industry	0	자동화 광산	설계도 비용: 4500\n건설 비용: 9000\n등장 시기: 현대 시대\n필요 인력: 3 (무학력자)\n필요 전력: 50MW\n크기: 3x4\n효과: 석탄/철/금/니켈/알루미늄/우라늄 자원을 고속 추출\n비고: 공해 배출
Industry	1	제재소	설계도 비용: 없음\n건설 비용: 5600\n등장 시기: 식민지 시대\n필요 인력: 4 (무학력자)\n크기: 3x4\n운영 모드:\n- 효율적인 하차\n- 신속한 하차 (통나무 소모 +30%, 효율 +30%)\n업그레이드:\n- 전기톱 (세계대전, 5000, 효율 +30%, 전력 10MW 필요)\n- 손가락 보험 (현대, 유지비 +$10, 직업 품질 +10)
Industry	2	럼주 증류소	설계도 비용: 없음\n건설 비용: 9600\n등장 시기: 식민지 시대\n필요 인력: 6 (무학력자)\n크기: 4x2\n운영 모드:\n- 수출용 진품 혼합물\n- 지역시장 공급 (산출량 -25%, 나이트클럽/경기장 효율 보너스)\n업그레이드:\n- 당밀 증류 (식민지, 5000, 설탕 소모 -25%)\n- 전기 증류 (세계대전, 5000, 효율 +20%, 전력 30MW 필요)
Industry	3	무두질 공장	설계도 비용: 없음\n건설 비용: 5000\n등장 시기: 데이터 미기재\n필요 인력: 5 (무학력자)\n크기: 3x3\n운영 모드:\n- 신중한 측정\n- 다다익선 (효율 +50%, 공해 +100%, 유지비 +100%)\n업그레이드:\n- 크롬 무두질 (세계대전, 5000, 생가죽 소모 -25%)\n- 향기 스프레이 (냉전, 직업 품질 +10)
Industry	4	통조림 공장	설계도 비용: 3350\n건설 비용: 6500\n등장 시기: 세계대전 시대\n필요 인력: 8 (무학력자)\n필요 전력: 80MW\n크기: 3x3\n효과: 파인애플/물고기를 통조림으로 가공, 공해 배출
Industry	5	유제품 공장	설계도 비용: 5350\n건설 비용: 10500\n등장 시기: 세계대전 시대\n필요 인력: 4 (무학력자)\n크기: 4x4\n효과: 우유를 치즈로 가공, 적은 공해 배출
Industry	6	시가 공장	설계도 비용: 6750\n건설 비용: 13600\n등장 시기: 세계대전 시대\n필요 인력: 5 (고졸)\n크기: 3x5\n운영 모드:\n- 말고, 말고 또 말고\n- 지역시장 공급 (산출량 -25%, 요트 클럽/은행 효율 보너스)\n업그레이드:\n- 자동 생산 라인 (세계대전, 6000, 일자리 -2, 효율 +20%)\n- 온도 조절기 (냉전, 6000, 투입량 -20%, 전력 +5MW)\n- 자동 절단기 (냉전, 5000, 효율 +10%, 전력 +30MW)
Industry	7	조선소	설계도 비용: 2375\n건설 비용: 9500\n등장 시기: 세계대전 시대\n필요 인력: 5 (고졸)\n크기: 3x3\n비고: 해안\n효과: 널빤지를 가공해 보트 생산, 공해 배출\n업그레이드:\n- 중형 크레인 (세계대전, 12000, 효율 +20%, 직업 품질 +10)\n- 용접 설비 (냉전, 내부 재고 확장, 강철/알루미늄 사용 가능, 전력 5MW 필요)
Industry	8	제철소	설계도 비용: 4750\n건설 비용: 9500\n등장 시기: 세계대전 시대\n필요 인력: 8 (고졸)\n크기: 4x2\n운영 모드:\n- 표준 공정\n- 노정 가스 재순환 (효율 -10%, 공해 -20%)\n- 열간 압연 (효율 +20%, 유지비 +20%)\n업그레이드:\n- 전기 아크 가열로 (현대, 석탄 소모 -50%, 전력 80MW 필요)
Industry	9	방직소	설계도 비용: 2625\n건설 비용: 10500\n등장 시기: 세계대전 시대\n필요 인력: 10 (무학력자)\n크기: 5x3\n운영 모드:\n- 재래식 염료\n- 아크릴 염료 (효율 +15%, 공해 +50%)\n- 유기농 염료 (현대, 연구 필요, 공해 -50%, 효율 -20%)\n업그레이드:\n- 작업장 확장 (세계대전, 4500, 일자리 +2)\n- 고급 원단 롤러장 (세계대전, 3800, 효율 +10%, 전력 50MW 필요)\n- 통합 직물 공급기 (냉전, 양모/목화 동시 투입 시 산출량 +15%)
Industry	10	무기 공장	설계도 비용: 4500\n건설 비용: 18000\n등장 시기: 세계대전 시대\n필요 인력: 8 (고졸)\n크기: 5x4\n효과: 강철/니켈을 가공해 무기 생산, 공해 배출
Industry	11	초콜릿 공장	설계도 비용: 3250\n건설 비용: 6500\n등장 시기: 냉전 시대\n필요 인력: 5 (고졸)\n크기: 2x3\n효과: 코코아/설탕을 가공해 초콜릿 생산, 적은 공해 배출
Industry	12	가구 공장	설계도 비용: 4000\n건설 비용: 8000\n등장 시기: 냉전 시대\n필요 인력: 5 (무학력자)\n필요 전력: 25MW\n크기: 2x3\n효과: 널빤지를 가공해 가구 생산, 공해 배출\n업그레이드:\n- 조립 공정 (냉전, 전력 +25MW, 효율 +100%)\n- 주형틀 (내부 플라스틱 재고 +8320, 전력 +35MW)\n- CAD 소프트웨어 (현대, 고졸 필요, 널빤지 소모 -25%)
Industry	13	보석 세공소	설계도 비용: 4750\n건설 비용: 9500\n등장 시기: 냉전 시대\n필요 인력: 4 (고졸)\n크기: 3x2\n효과: 황금을 가공해 보석류 생산, 적은 공해 배출
Industry	14	플라스틱 공장	설계도 비용: 5250\n건설 비용: 10500\n등장 시기: 냉전 시대\n필요 인력: 5 (무학력자)\n필요 전력: 25MW\n크기: 4x3\n효과: 석유를 가공해 플라스틱 생산, 많은 공해 배출\n운영 모드:\n- 표준 제조\n- 고속 제조 (소모량 +100%, 생산량 +75%)\n업그레이드:\n- 안전 폐기 장치 (냉전, 8000, 공해 -50%, 유지비 +200%)\n- 바이오폴리머 제조 시설 (현대, 4500, 옥수수 재고 추가, 옥수수 생산 허용)
Industry	15	자동차 공장	설계도 비용: 5500\n건설 비용: 22000\n등장 시기: 냉전 시대\n필요 인력: 10 (고졸)\n필요 전력: 50MW\n크기: 6x3\n효과: 강철/고무를 가공해 차량 생산, 공해 배출\n운영 모드:\n- 자동차 회사\n- 회사 자동차 (전 직원 차량 이용, 유지비/직업 품질 증가)\n업그레이드:\n- 충돌 시험용 더미 (냉전, 1000, 직업 품질 +5)\n- 완전 자동화 조립 (현대, 5000, 일자리 -2, 효율 +30%, 전력 +15MW)\n- 향상된 공해 테스트 소프트웨어 (현대, 500, 환경주의자 우호도 +5)
Industry	16	전자 제품 공장	설계도 비용: 12500\n건설 비용: 25000\n등장 시기: 현대 시대\n필요 인력: 8 (고졸)\n필요 전력: 60MW\n크기: 4x3\n효과: 황금/플라스틱을 가공해 전자 제품 생산, 공해 배출\n운영 모드:\n- 조립 공정\n- 노동력 착취 (연구 필요, 생산량 +20%, 직업 품질 -50%, 사망 위험 증가)\n업그레이드:\n- 조립 로봇 (현대, 생산량 +50%, 전력 +100MW)
Industry	17	패션 회사	설계도 비용: 9000\n건설 비용: 18000\n등장 시기: 현대 시대\n필요 인력: 4 (무학력자)\n필요 전력: 25MW\n크기: 4x2\n효과: 옷감/가죽을 가공해 의류 생산, 적은 공해 배출\n운영 모드:\n- 바쁜 쿠튀르\n- 오트 쿠튀르 (옷감+가죽 동시 소모, 임금/직업 품질 증가)\n업그레이드:\n- 공장 직판점 (현대, 15000, 주변 주거 품질 보너스, 생산량 -1)
Industry	18	제약 회사	설계도 비용: 14000\n건설 비용: 28000\n등장 시기: 현대 시대\n필요 인력: 6 (고졸)\n필요 전력: 80MW\n크기: 4x3\n효과: 석유를 가공해 의약품 생산, 공해 배출\n운영 모드:\n- 감쪽같은 복제품\n- 강력한 플라시보 약 (연구 필요, 설탕 소모 생산)\n- 지역시장 공급 (산출량 -25%, 나이트클럽/경기장 효율 보너스)
Industry	19	주스 공장	설계도 비용: 6000\n건설 비용: 12000\n등장 시기: 현대 시대\n필요 인력: 5 (무학력자)\n필요 전력: 30MW\n크기: 4x3\n효과: 바나나/파인애플을 가공해 주스 생산, 적은 공해 배출
Housing	0	판잣집	설계도 비용: 없음\n건설 비용: 없음(건설불가)\n등장 시기: 식민지 시대\n수용 가구: 1\n주거 품질: 10\n요구 재산: 파산\n크기: 1x1\n효과: 주거지를 찾지 못한 시민이 자발적으로 건설\n비고: 건축 UI 미노출, 적은 공해, 주변 치안 감소
Housing	1	시골 주택	설계도 비용: 없음\n건설 비용: 850\n등장 시기: 식민지 시대\n수용 가구: 2\n주거 품질: 48\n요구 재산: 유복\n크기: 2x1\n운영 모드:\n- 판잣집보단 낫다\n- 작은 에덴 (유지비 +50%, 주거 품질 +12)\n업그레이드:\n- 배전 (세계대전)\n- 현대화 (세계대전, 단독주택으로 업그레이드)
Housing	2	합숙소	설계도 비용: 없음\n건설 비용: 1200\n등장 시기: 식민지 시대\n수용 가구: 6\n주거 품질: 32\n요구 재산: 가난\n크기: 2x2\n운영 모드:\n- 보통 점유율\n- 더 높이 쌓기 (가구수 +2, 주거 품질 -8, 파산 시민 입주 가능)
Housing	3	저택	설계도 비용: 없음\n건설 비용: 1200\n등장 시기: 식민지 시대\n수용 가구: 1\n주거 품질: 68\n요구 재산: 부유\n크기: 3x2\n업그레이드:\n- 배전 (세계대전)\n- 현대화 (현대, 전력 필요, 현대식 저택으로 업그레이드)
Housing	4	단독주택	설계도 비용: 1000\n건설 비용: 1450\n등장 시기: 세계대전 시대\n수용 가구: 3\n주거 품질: 64\n요구 재산: 유복\n크기: 2x1\n운영 모드:\n- 보통 관리\n- 과시하기 (연구 필요, 유지비 +10, 주변 미관 +5)
Housing	5	간이 숙박소	설계도 비용: 1000\n건설 비용: 1800\n등장 시기: 세계대전 시대\n수용 가구: 9\n주거 품질: 38\n요구 재산: 가난\n크기: 3x1\n효과: 고밀도 저가 주거
Housing	6	아파트	설계도 비용: 1500\n건설 비용: 3000\n등장 시기: 세계대전 시대\n수용 가구: 10\n주거 품질: 52\n요구 재산: 유복\n크기: 3x2\n업그레이드:\n- 현대화 (현대, 현대식 아파트로 업그레이드)
Housing	7	서민 아파트	설계도 비용: 1950\n건설 비용: 3900\n등장 시기: 냉전 시대\n수용 가구: 20\n주거 품질: 36(시간 경과로 악화)\n요구 재산: 가난\n크기: 3x3
Housing	8	공동주택	설계도 비용: 1750\n건설 비용: 3500\n등장 시기: 냉전 시대\n수용 가구: 16\n주거 품질: 40\n요구 재산: 가난\n크기: 3x2\n효과: 적은 공해, 주변 치안 감소
Housing	9	현대식 아파트	설계도 비용: 4325\n건설 비용: 8650\n등장 시기: 현대 시대\n필요 전력: 50MW\n수용 가구: 16\n주거 품질: 80\n요구 재산: 유복\n크기: 3x2
Housing	10	현대식 저택	설계도 비용: 1025\n건설 비용: 2050\n등장 시기: 현대 시대\n필요 전력: 18MW\n수용 가구: 3\n주거 품질: 90\n요구 재산: 부유\n크기: 3x2
Housing	11	보안 저택	설계도 비용: 1025\n건설 비용: 2050\n등장 시기: 현대 시대\n필요 전력: 18MW\n수용 가구: 2\n주거 품질: 90\n요구 재산: 부유\n크기: 3x2
Entertainment	0	주점	설계도 비용: 없음\n건설 비용: 1200\n등장 시기: 식민지 시대\n필요 인력: 3 (무학력자)\n직업 품질: 40\n서비스 품질: 32\n수용 인원: 12\n재산 요구치: 가난\n선호 관광객: 문화\n효과: 시민/관광객 유흥 제공, 주변 치안 감소\n운영 모드:\n- 물처럼 흐르는 슬픔\n- 음료 무한 제공 (직업 품질 +20, 효율 +25%)
Entertainment	1	서커스	설계도 비용: 2400\n건설 비용: 4800\n등장 시기: 식민지 시대\n필요 인력: 6 (무학력자)\n직업 품질: 45\n서비스 품질: 45\n수용 인원: 36\n재산 요구치: 가난\n선호 관광객: 아동\n운영 모드:\n- 광대와 팝콘\n- 야수와 피 (연구 필요)\n- 마법사와 마법 (연구 필요)\n업그레이드:\n- 화재 방지 시스템 (냉전)
Entertainment	2	버스커	설계도 비용: 800\n건설 비용: 400\n등장 시기: 식민지 시대\n필요 인력: 1 (무학력자)\n직업 품질: 45\n서비스 품질: 20\n수용 인원: 6\n재산 요구치: 파산\n크기: 1x1\n비고: 도로
Entertainment	3	식물원	설계도 비용: 1050\n건설 비용: 4200\n등장 시기: 세계대전 시대\n필요 인력: 2 (무학력자)\n직업 품질: 45\n서비스 품질: 30\n수용 인원: 16\n재산 요구치: 파산\n선호 관광객: 배낭여행\n효과: 주변 공해 감소
Entertainment	4	유원지 부두	설계도 비용: 3675\n건설 비용: 7350\n등장 시기: 세계대전 시대\n필요 인력: 6 (무학력자)\n필요 전력: 20MW\n직업 품질: 45\n서비스 품질: 60\n수용 인원: 24\n재산 요구치: 가난\n선호 관광객: 아동
Entertainment	5	레스토랑	설계도 비용: 1300\n건설 비용: 2600\n등장 시기: 세계대전 시대\n필요 인력: 4 (무학력자)\n직업 품질: 45\n서비스 품질: 65\n수용 인원: 12\n재산 요구치: 유복\n효과: 유흥 제공 + 방문 시민 음식 만족도 증가
Entertainment	6	오락실	설계도 비용: 600\n건설 비용: 2400\n등장 시기: 냉전 시대\n필요 인력: 3 (무학력자)\n필요 전력: 10MW\n직업 품질: 50\n서비스 품질: 50\n수용 인원: 12\n재산 요구치: 유복\n선호 관광객: 아동
Entertainment	7	패스트푸드 체인점	설계도 비용: 575\n건설 비용: 2300\n등장 시기: 냉전 시대\n필요 인력: 4 (무학력자)\n직업 품질: 40\n서비스 품질: 45\n수용 인원: 20\n재산 요구치: 가난\n선호 관광객: 휴양, 아동\n효과: 유흥 제공 + 방문 시민 음식 만족도 증가
Entertainment	8	영화관	설계도 비용: 2360\n건설 비용: 9440\n등장 시기: 냉전 시대\n필요 인력: 4 (무학력자)\n필요 전력: 10MW\n직업 품질: 60\n서비스 품질: 70\n수용 인원: 24\n재산 요구치: 가난\n선호 관광객: 휴양
Entertainment	9	아쿠아 파크	설계도 비용: 4500\n건설 비용: 9000\n등장 시기: 현대 시대\n필요 인력: 3 (무학력자)\n필요 전력: 15MW\n직업 품질: 50\n서비스 품질: 70\n수용 인원: 18\n재산 요구치: 유복\n선호 관광객: 휴양, 아동
Entertainment	10	롤러코스터	설계도 비용: 4700\n건설 비용: 9400\n등장 시기: 현대 시대\n필요 인력: 3 (무학력자)\n필요 전력: 35MW\n직업 품질: 50\n서비스 품질: 70\n수용 인원: 18\n재산 요구치: 가난\n선호 관광객: 스릴중독, 아동
Entertainment	11	경기장	설계도 비용: 10500\n건설 비용: 21000\n등장 시기: 현대 시대\n필요 인력: 12 (무학력자)\n필요 전력: 60MW\n직업 품질: 50\n서비스 품질: 80\n수용 인원: 60\n재산 요구치: 유복
Entertainment	12	극장	설계도 비용: 1325\n건설 비용: 5300\n등장 시기: 식민지 시대\n필요 인력: 미기재\n직업 품질: 50\n서비스 품질: 60\n수용 인원: 24\n재산 요구치: 유복\n선호 관광객: 문화
Entertainment	13	오페라 극장	설계도 비용: 2470\n건설 비용: 9400\n등장 시기: 식민지 시대\n필요 인력: (고졸) - 인원 미기재\n직업 품질: 60\n서비스 품질: 75\n수용 인원: 16\n재산 요구치: 부유\n선호 관광객: 문화
Entertainment	14	카바레	설계도 비용: 1250\n건설 비용: 5000\n등장 시기: 세계대전 시대\n필요 인력: 미기재\n직업 품질: 50\n서비스 품질: 65\n수용 인원: 16\n재산 요구치: 유복\n선호 관광객: 문화\n운영 모드:\n- 무용 법\n- 풍자극 (연구 필요)\n- 정치적 행동 (연구 필요)\n업그레이드:\n- 재생 장비 (냉전, 5000, 효율 +10%, 전력 +25MW)
Entertainment	15	카지노	설계도 비용: 2300\n건설 비용: 9200\n등장 시기: 냉전 시대\n필요 인력: 미기재\n직업 품질: 60\n서비스 품질: 70\n수용 인원: 24\n재산 요구치: 유복\n선호 관광객: 스릴중독
Entertainment	16	칵테일 바	설계도 비용: 850\n건설 비용: 3400\n등장 시기: 냉전 시대\n필요 인력: 미기재\n직업 품질: 60\n서비스 품질: 70\n수용 인원: 12\n재산 요구치: 유복\n선호 관광객: 휴양\n운영 모드:\n- 트로피코의 자유\n- 상류층 (연구 필요)\n- 해피 아워 (연구 필요)\n업그레이드:\n- 단방향 거울 (냉전, 2500, 첩보 학교 효율 보너스)
Entertainment	17	골프 코스	설계도 비용: 3000\n건설 비용: 12000\n등장 시기: 냉전 시대\n필요 인력: 미기재\n직업 품질: 45\n서비스 품질: 60\n수용 인원: 20\n재산 요구치: 유복\n선호 관광객: 휴양
Entertainment	18	고급 레스토랑	설계도 비용: 4000\n건설 비용: 16000\n등장 시기: 냉전 시대\n필요 인력: 미기재\n직업 품질: 65\n서비스 품질: 80\n수용 인원: 12\n재산 요구치: 부유\n선호 관광객: 문화\n효과: 유흥 제공 + 방문 시민 음식 만족도 증가
Entertainment	19	나이트클럽	설계도 비용: 미기재\n건설 비용: 미기재\n등장 시기: 냉전 시대\n필요 인력: 미기재\n직업 품질: 50\n서비스 품질: 65\n수용 인원: 20\n재산 요구치: 유복\n선호 관광객: 스릴중독\n효과: 주변 치안 감소
Entertainment	20	스노클 베이	설계도 비용: 2450\n건설 비용: 9800\n등장 시기: 냉전 시대\n필요 인력: 미기재\n직업 품질: 60\n서비스 품질: 65\n수용 인원: 12\n재산 요구치: 유복\n선호 관광객: 배낭여행, 스릴중독\n비고: 어장\n운영 모드:\n- 암초 보존\n- 사냥을 허가한다 (연구 필요)\n- 물고기 유인 (연구 필요)
Entertainment	21	해변 휴양지	설계도 비용: 2500\n건설 비용: 5000\n등장 시기: 현대 시대\n필요 인력: 미기재\n직업 품질: 55\n서비스 품질: 65\n수용 인원: 20\n재산 요구치: 유복\n선호 관광객: 휴양\n운영 모드:\n- 문 열기\n- 칵테일 타임 (연구 필요)\n업그레이드:\n- 자동 해변 청소기 (1500, 서비스 품질 +10)
Entertainment	22	행글라이딩	설계도 비용: 2000\n건설 비용: 4000\n등장 시기: 현대 시대\n필요 인력: 미기재\n직업 품질: 50\n서비스 품질: 75\n수용 인원: 12\n재산 요구치: 유복\n선호 관광객: 스릴중독\n운영 모드:\n- 바람처럼 비행\n- 추가 관광 (연구 필요)\n- 추가 연료\n업그레이드:\n- 고출력 엔진 (3000, 요금 +1, 서비스 품질 +5)
Entertainment	23	현대 미술관	설계도 비용: 8750\n건설 비용: 17500\n등장 시기: 현대 시대\n필요 인력: 미기재\n직업 품질: 75\n서비스 품질: 70\n수용 인원: 20\n재산 요구치: 유복\n선호 관광객: 문화
Entertainment	24	요트 클럽	설계도 비용: 5900\n건설 비용: 미기재(원문 누락)\n등장 시기: 현대 시대\n필요 인력: 미기재(원문 표기 오류: 11800)\n직업 품질: 75\n서비스 품질: 95\n수용 인원: 8\n재산 요구치: 부유\n운영 모드:\n- 안락한 일몰\n- 어마어마한 중요도 (연구 필요)\n- 만지지 말고 눈으로만 (연구 필요)\n업그레이드:\n- 개인 선창 (5000, 더럽게 부유한 관광객 출국 지원)
MediaEducation	0	신문사	설계도 비용: 없음\n건설 비용: 1800\n등장 시기: 식민지 시대\n필요 인력: 4 (고졸)\n효과: 주변 자유 증가, 주변 거주 시민 대상 선전물 출판\n운영 모드:\n- 개방적인 사고\n- 독립 신문 (식민지 시대만 가능)\n- 군식구\n- 광고 전단\n- 붉은 별 (세계대전, 연구 필요)\n- 거래와 수익 (세계대전, 연구 필요)\n- 말 (세계대전, 연구 필요)\n- 총잡이 (세계대전, 연구 필요)\n- 대지와 바람 (냉전, 연구 필요)\n- 차세대 (냉전, 연구 필요)\n- 보호자 (현대, 연구 필요)\n- 생각합시다! (현대, 연구 필요)
MediaEducation	1	도서관	설계도 비용: 없음\n건설 비용: 3600\n등장 시기: 식민지 시대\n필요 인력: 3 (고졸)\n효과: 통치 수단에 쓸 지식 생성\n운영 모드:\n- 입증된 도서 목록\n- 공익 서비스 지원 (효율 -25%, 학교 계열 효율 보너스)\n업그레이드:\n- 학과 분류 (세계대전, 2000, 효율 +25%)\n- 전자 책장 (현대, 일자리 -1, 지식 생산 +50%)
MediaEducation	2	고등학교	설계도 비용: 3500\n건설 비용: 7000\n등장 시기: 세계대전 시대\n필요 인력: 4 (고졸)\n효과: 무학력 시민에게 고등학교 교육 제공\n운영 모드:\n- 일반 교육\n- 군사 교육 (연구 필요)\n- 종교 교육 (연구 필요)\n업그레이드:\n- 상호 소통 교육 (현대 시대)
MediaEducation	3	대학교	설계도 비용: 6000\n건설 비용: 12000\n등장 시기: 세계대전 시대\n필요 인력: 3 (대졸)
MediaEducation	4	라디오 방송국	설계도 비용: 1200\n건설 비용: 2400\n등장 시기: 세계대전 시대\n필요 인력: 2 (고졸)
MediaEducation	5	대통령 박물관	설계도 비용: 3750\n건설 비용: 7500\n등장 시기: 미기재\n필요 인력: 4 (고졸)\n비고: 고유
MediaEducation	6	영묘	설계도 비용: 14000\n건설 비용: 28000\n등장 시기: 미기재\n필요 인력: 4 (고졸)\n비고: 고유
MediaEducation	7	TV 방송국	설계도 비용: 4100\n건설 비용: 8200\n등장 시기: 냉전 시대\n필요 인력: 4 (고졸)
MediaEducation	8	격려용 광고판	설계도 비용: 1000\n건설 비용: 2000\n등장 시기: 냉전 시대\n필요 인력: 없음\n비고: 도로\n운영 모드:\n- 냉전 시대 기본 운영\n- 현대 시대 (연구 필요)
MediaEducation	9	격려용 동상	설계도 비용: 2500\n건설 비용: 5000\n등장 시기: 냉전 시대\n필요 인력: 없음
MediaEducation	10	연구소	설계도 비용: 8000\n건설 비용: 16000\n등장 시기: 냉전 시대\n필요 인력: 5 (대졸)
MediaEducation	11	우주 개발 프로그램	설계도 비용: 21000\n건설 비용: 42000\n등장 시기: 냉전 시대\n필요 인력: 10 (대졸)
MediaEducation	12	핵 개발 프로그램	설계도 비용: 17500\n건설 비용: 35000\n등장 시기: 냉전 시대\n필요 인력: 6 (대졸)
Tourism	0	여객선 터미널	설계도 비용: 4500\n건설 비용: 9000\n등장 시기: 냉전 시대\n필요 인력: 6 (무학력자)\n직업 품질: 55\n관광객 재산: 유복, 부유\n크기: 10x4\n비고: 해안\n운영 모드:\n- 저가 여객선\n- 호화 여객선 (연구 필요)\n업그레이드:\n- 화환 공급기 (냉전, 350, 도착 관광객 종합 만족도 +5)
Tourism	1	통나무집	설계도 비용: 1000\n건설 비용: 700\n등장 시기: 냉전 시대\n필요 인력: 미기재\n서비스 품질: 40\n수용 가구: 1\n필요 재산: 유복 이상\n크기: 1x1\n선호 관광객: 미기재
Tourism	2	바닷가 별장	설계도 비용: 1000\n건설 비용: 1100\n등장 시기: 냉전 시대\n필요 인력: 1 (고졸)\n직업 품질: 50\n서비스 품질: 57\n수용 가구: 2\n필요 재산: 부유, 더럽게 부유\n크기: 2x1\n선호 관광객: 미기재
Tourism	3	카바나 마을	설계도 비용: 1000\n건설 비용: 1900\n등장 시기: 냉전 시대\n필요 인력: 2 (무학력자)\n직업 품질: 45\n서비스 품질: 46\n수용 가구: 6\n필요 재산: 유복 이상\n크기: 5x2\n선호 관광객: 미기재
Tourism	4	모텔	설계도 비용: 1075\n건설 비용: 2150\n등장 시기: 냉전 시대\n필요 인력: 4 (무학력자)\n직업 품질: 40\n서비스 품질: 32\n수용 가구: 8\n필요 재산: 유복 이상\n크기: 3x2\n선호 관광객: 미기재
Tourism	5	호텔	설계도 비용: 2200\n건설 비용: 4400\n등장 시기: 냉전 시대\n필요 인력: 4 (무학력자)\n직업 품질: 45\n서비스 품질: 50\n수용 가구: 12\n필요 재산: 유복 이상\n크기: 3x2\n선호 관광객: 휴양\n운영 모드:\n- 호텔 트로피카나\n- 호텔 카마로테 (숙박 슬롯 +4, 주거 품질 -10)\n- 지역 사업체 공급 (방 슬롯 -2, 주거 품질 -5, 사무소 효율 보너스)\n업그레이드:\n- 냉난방 (냉전, 700, 효율 +20%, 전력 20MW 필요)\n- 엘리베이터 (냉전, 850, 효율 +25%, 전력 30MW 필요)
Tourism	6	전망대	설계도 비용: 1000\n건설 비용: 500\n등장 시기: 냉전 시대\n필요 인력: 미기재\n서비스 품질: 45\n수용 가구: 4\n필요 재산: 유복 이상\n크기: 2x1\n선호 관광객: 미기재
Tourism	7	기념품 매장	설계도 비용: 1000\n건설 비용: 1320\n등장 시기: 냉전 시대\n필요 인력: 2 (무학력자)\n직업 품질: 45\n서비스 품질: 55\n수용 가구: 12\n필요 재산: 유복 이상\n크기: 2x1\n선호 관광객: 미기재
Tourism	8	여행사	설계도 비용: 1200\n건설 비용: 2400\n등장 시기: 냉전 시대\n필요 인력: 3 (무학력자)\n직업 품질: 45\n서비스 품질: 60\n수용 가구: 24\n필요 재산: 유복 이상\n크기: 2x1\n선호 관광객: 미기재
Tourism	9	고대 유적	설계도 비용: 1250\n건설 비용: 2500\n등장 시기: 냉전 시대\n필요 인력: 4 (무학력자)\n직업 품질: 50\n서비스 품질: 75\n수용 가구: 24\n필요 재산: 유복 이상\n크기: 5x5\n선호 관광객: 문화, 배낭여행\n비고: 유적지\n운영 모드:\n- 거의 온전히 보존\n- 테마 공원 개발\n- 고고학 발굴지\n- 비공식 고물 처리장 (연구 필요)
Tourism	10	원주민 마을	설계도 비용: 3300\n건설 비용: 6600\n등장 시기: 냉전 시대\n필요 인력: 4 (무학력자)\n직업 품질: 50\n서비스 품질: 60\n수용 가구: 16\n필요 재산: 유복 이상\n크기: 3x2\n선호 관광객: 문화
Tourism	11	공항	설계도 비용: 9000\n건설 비용: 18000\n등장 시기: 냉전 시대\n필요 인력: 6 (고졸)\n필요 전력: 15MW\n직업 품질: 65\n서비스 품질: 미기재\n수용 가구: 미기재\n필요 재산: 부유, 더럽게 부유\n크기: 16x5\n운영 모드:\n- 저가 항공기 (현대)\n- 염가 항공기 (현대, 연구 필요)\n- 호화 항공기 (현대, 연구 필요)\n업그레이드:\n- 면세점 (현대, 도착 성인 관광객당 +$25)\n- 기내식 (현대, 도착 관광객 종합 만족도 +10)\n- 지하철역 (현대, 추가 전력 10MW)
Tourism	12	저가 호텔	설계도 비용: 3125\n건설 비용: 6250\n등장 시기: 현대 시대\n필요 인력: 6 (무학력자)\n필요 전력: 15MW\n직업 품질: 35\n서비스 품질: 50\n수용 가구: 18\n필요 재산: 유복 이상\n크기: 4x4\n선호 관광객: 미기재
Tourism	13	가족 휴양지	설계도 비용: 1675\n건설 비용: 3350\n등장 시기: 현대 시대\n필요 인력: 4 (무학력자)\n필요 전력: 20MW\n직업 품질: 40\n서비스 품질: 70\n수용 가구: 8\n필요 재산: 유복 이상\n크기: 4x3\n선호 관광객: 미기재
Tourism	14	고급 호텔	설계도 비용: 6000\n건설 비용: 12000\n등장 시기: 현대 시대\n필요 인력: 4 (무학력자)\n필요 전력: 40MW\n직업 품질: 50\n서비스 품질: 80\n수용 가구: 6\n필요 재산: 더럽게 부유\n크기: 4x3\n선호 관광객: 미기재
Tourism	15	초고층 호텔	설계도 비용: 3525\n건설 비용: 7050\n등장 시기: 현대 시대\n필요 인력: 6 (무학력자)\n필요 전력: 20MW\n직업 품질: 45\n서비스 품질: 70\n수용 가구: 16\n필요 재산: 부유, 더럽게 부유\n크기: 3x2\n운영 모드:\n- 모든 층의 경치를 끝내주게\n- 지역 사업체 공급 (현대, 연구 필요)\n업그레이드:\n- 행동 층 (현대)\n- 복지 층 (현대)
Tourism	16	유람선	설계도 비용: 2500\n건설 비용: 5000\n등장 시기: 현대 시대\n필요 인력: 4 (무학력자)\n직업 품질: 55\n서비스 품질: 70\n수용 가구: 12\n필요 재산: 부유, 더럽게 부유\n크기: 7x2\n비고: 해양
PublicService	0	예배당	설계도 비용: 없음\n건설 비용: 미기재\n등장 시기: 식민지 시대\n필요 인력: 미기재\n효과: 방문 시민에게 신앙 제공(재산 요건 없음)\n운영 모드:\n- 전통적 설교\n- 먼저 돕고 나중에 설교하라
PublicService	1	식료품점	설계도 비용: 없음\n건설 비용: 미기재\n등장 시기: 식민지 시대\n필요 인력: 미기재\n요구 재산: 가난
PublicService	2	교회	설계도 비용: 미기재\n건설 비용: 미기재\n등장 시기: 세계대전 시대\n필요 인력: 4명 (고졸)\n효과: 방문 시민에게 신앙 제공(재산 요건 없음), 고유\n운영 모드:\n- 여유로운 공간\n- 좌석 공유 (연구 필요, 노동자당 방문객 슬롯 +2, 서비스 품질 -15)\n업그레이드:\n- 폼푸스 벨 (세계대전, 1500)
PublicService	3	진료소	설계도 비용: 미기재\n건설 비용: 미기재\n등장 시기: 세계대전 시대\n필요 인력: 3 (대졸)\n효과: 방문 시민에게 보건 제공(가난 이상)\n운영 모드:\n- 국가 공인 의사\n- 돌팔이 (연구 필요)\n업그레이드:\n- 최신식 진단 (냉전, 노동자당 방문객 슬롯 +2)\n- 마취 (세계대전, 의료 품질 +10)
PublicService	4	소방서	설계도 비용: 미기재\n건설 비용: 미기재\n등장 시기: 세계대전 시대\n필요 인력: 4명 (고졸)\n효과: 범위 내 화재 진압 및 화재 시 생존율 증가\n운영 모드:\n- 불끄기\n- 나무 위의 고양이 (냉전, 연구 필요)\n- 건물 조사 (냉전, 연구 필요)\n- 대피 훈련\n업그레이드:\n- 소방 헬리콥터 (냉전, 15000)\n- 고압 물 분사기 노즐 (냉전, 750)
PublicService	5	성당	설계도 비용: 미기재\n건설 비용: 미기재\n등장 시기: 냉전 시대\n필요 인력: 4명 (대졸)\n효과: 방문 시민에게 신앙 제공(재산 요건 없음)\n운영 모드:\n- 철석같은 믿음\n- 프레지덴테의 고해 (연구 필요)\n- 오래된 성서 (연구 필요)\n업그레이드:\n- 집요한 고백 (냉전, 치안 +15)
PublicService	6	병원	설계도 비용: 미기재\n건설 비용: 미기재\n등장 시기: 냉전 시대\n필요 인력: 4명 (대졸)\n필요 전력: 35MW\n효과: 방문 시민에게 보건 제공(유복 이상)\n운영 모드:\n- 병원 진료\n- 외래 진료 (연구 필요)\n- 치료법 연구 (연구 필요)\n업그레이드:\n- 입원시설 (냉전, 6000, 노동자당 방문객 슬롯 +2)
PublicService	7	정신병원	설계도 비용: 1875\n건설 비용: 7500\n등장 시기: 냉전 시대\n필요 인력: 6명 (대졸)\n효과: 보호 시설 수용자에게 특수 요법, 수용자는 정치적 관점 상실\n운영 모드:\n- 반복 속의 휴식\n- 파란 약의 길\n- 빨간 약의 길\n업그레이드:\n- 저항실 (냉전, 2500, 효율 +20%, 전력 5MW 필요)
PublicService	8	쓰레기장	설계도 비용: 250\n건설 비용: 1000\n등장 시기: 냉전 시대\n필요 인력: 3명 (무학력)\n효과: 건물 자체는 공해 배출, 범위 내 다른 건물 공해 감소\n운영 모드:\n- 모든 쓰레기는 평등하다\n- 산업폐기물 처리장\n- 민간 쓰레기 수거\n업그레이드:\n- 전신 방호복 (냉전, 1000, 직업 품질 +10)
PublicService	9	쇼핑몰	설계도 비용: 3625\n건설 비용: 7250\n등장 시기: 현대 시대\n필요 인력: 8명 (무학력)\n요구 재산: 유복\n효과: 식료품 판매, 소비재 판매로 가구 만족도 증가\n운영 모드:\n- 셀프 서비스\n- 포장 서비스\n업그레이드:\n- 호화 아울렛 (현대, 20000)\n- 냉난방 (현대, 15000, 직업 품질 +20, 추가 전력 40MW)
PublicService	10	폐기물 처리장	설계도 비용: 4000\n건설 비용: 8000\n등장 시기: 현대 시대\n필요 인력: 4명 (고졸)\n효과: 범위 내 다른 건물 공해 감소\n운영 모드:\n- 깔끔한 소각\n- 쓰레기 소각\n업그레이드:\n- 쓰레기더미 뒤지기 (현대, 6000)
PublicService	11	중독 치료소	설계도 비용: 4250\n건설 비용: 8500\n등장 시기: 현대 시대\n필요 인력: 5명 (대졸)\n효과: 시민 보건 + 관광객 유흥 제공\n선호 관광객: 유명인\n재산 요구치: 부유 이상\n운영 모드:\n- 적절한 해독 요법\n- 급속 해독 요법\n- 후원 해독 요법\n- 위장 해독 요법
PublicService	12	미용 농원	설계도 비용: 4500\n건설 비용: 9000\n등장 시기: 현대 시대\n필요 인력: 5명 (고졸)\n효과: 시민 신앙 + 관광객 유흥 제공\n선호 관광객: 유명인\n재산 요구치: 부유 이상\n운영 모드:\n- 건강&스파\n- 건강&메스\n- 샴페인&메스\n업그레이드:\n- 냉동 지방 분해 장치 (현대, 3000, 서비스 품질 +10, 추가 전력 5MW)
