# DisplayName	AssetName	SourceEra	ProjectEraHint	SourcePack	SourceGroup	SourceCategory	ProjectCategoryHint	GameplayCategory	BuildCost	BlueprintCost	ConnectionCostPerCell	IsLandmark	KeybindAction	AssetPath	BlueprintPath
Tour Office	DA_T6TourPoint	Cold War	ColdWar	Cold War	ColdWar				0	0	0	False		C:\Program Files\Epic Games\Tropico6ModKit\Tropico6\Content\Blueprints\Buildings\BuildingData\ColdWar\DA_T6TourPoint.uasset	/Game/Blueprints/Buildings/ColdWar/TourOffice/BP_T6TourPoint.BP_T6TourPoint_C
Arcade	DA_Arcade	Cold War	ColdWar	Cold War	ColdWar	Entertainment	Entertainment	Entertainment	2400	0	0	False	BuildArcade	C:\Program Files\Epic Games\Tropico6ModKit\Tropico6\Content\Blueprints\Buildings\BuildingData\ColdWar\DA_Arcade.uasset	/Game/Blueprints/Buildings/ColdWar/Arcade/BP_T6Arcade.BP_T6Arcade_C
Dungeon Entrance	DA_T6DungeonEntrance	Cold War	ColdWar	Cold War	ColdWar	Entertainment	Entertainment	Entertainment	6666	0	0	False		C:\Program Files\Epic Games\Tropico6ModKit\Tropico6\Content\Blueprints\Buildings\ColdWar\DungeonEntrance\DA_T6DungeonEntrance.uasset	/Game/Blueprints/Buildings/ColdWar/DungeonEntrance/DA_T6DungeonEntrance
Fast Food Joint	DA_T6FastFoodJoint	Cold War	ColdWar	Cold War	ColdWar	Entertainment	Entertainment	Entertainment	2300	0	0	False	BuildFastFoodJoint	C:\Program Files\Epic Games\Tropico6ModKit\Tropico6\Content\Blueprints\Buildings\BuildingData\ColdWar\DA_T6FastFoodJoint.uasset	/Game/Blueprints/Buildings/ColdWar/FastFoodJoint/BP_T6FastFoodJoint.BP_T6FastFoodJoint_C
Movie Theater	DA_MovieTheater	Cold War	ColdWar	Cold War	ColdWar	Entertainment	Entertainment	Entertainment	9440	0	0	False	BuildMovieTheater	C:\Program Files\Epic Games\Tropico6ModKit\Tropico6\Content\Blueprints\Buildings\BuildingData\ColdWar\DA_MovieTheater.uasset	/Game/Blueprints/Buildings/ColdWar/MovieTheater/BP_T6MovieTheater.BP_T6MovieTheater_C
Fish Farm	DA_FishFarm	Cold War	ColdWar	Cold War	ColdWar	FoodAndResources	FoodResource		8000	0	0	False	BuildFishFarm	C:\Program Files\Epic Games\Tropico6ModKit\Tropico6\Content\Blueprints\Buildings\BuildingData\ColdWar\DA_FishFarm.uasset	/Game/Blueprints/Buildings/ColdWar/FishFarm/BP_T6FishFarm.BP_T6FishFarm_C
Oil Rig	DA_OilRig	Cold War	ColdWar	Cold War	ColdWar	FoodAndResources	FoodResource	SoilResources	20000	0	0	False	BuildOilRig	C:\Program Files\Epic Games\Tropico6ModKit\Tropico6\Content\Blueprints\Buildings\BuildingData\ColdWar\DA_OilRig.uasset	/Game/Blueprints/Buildings/ColdWar/OilRig/BP_T6OilRig.BP_T6OilRig_C
Courthouse	DA_Courthouse	Cold War	ColdWar	Cold War	ColdWar	Government	GovernmentFinance	Govermental	8000	0	0	False	BuildCourthouse	C:\Program Files\Epic Games\Tropico6ModKit\Tropico6\Content\Blueprints\Buildings\BuildingData\ColdWar\DA_Courthouse.uasset	/Game/Blueprints/Buildings/ColdWar/Courthouse/BP_T6Courthouse.BP_T6Courthouse_C
Ministry Of Information	DA_MinistryOfInformation	Cold War	ColdWar	Cold War	ColdWar	Government	GovernmentFinance	Govermental	18000	0	0	False	BuildMinistryOfInformation	C:\Program Files\Epic Games\Tropico6ModKit\Tropico6\Content\Blueprints\Buildings\BuildingData\ColdWar\DA_MinistryOfInformation.uasset	/Game/Blueprints/Buildings/ColdWar/MinistryOfInformation/BP_T6MinistryOfInformation.BP_T6MinistryOfInformation_C
Conventillo	DA_T6Conventillo	Cold War	ColdWar	Cold War	ColdWar	Housing	Housing	Residential	3900	0	0	False	BuildConventillo	C:\Program Files\Epic Games\Tropico6ModKit\Tropico6\Content\Blueprints\Buildings\BuildingData\ColdWar\DA_T6Conventillo.uasset	/Game/Blueprints/Buildings/ColdWar/Conventillo/BP_T6Conventillo.BP_T6Conventillo_C
Flophouse	DA_Flophouse	Cold War	ColdWar	Cold War	ColdWar	Housing	Housing	Residential	1800	0	0	False	BuildFlophouse	C:\Program Files\Epic Games\Tropico6ModKit\Tropico6\Content\Blueprints\Buildings\BuildingData\ColdWar\DA_Flophouse.uasset	/Game/Blueprints/Buildings/ColdWar/Flophouse/BP_T6Flophouse.BP_T6Flophouse_C
Mansion Cold War	DA_MansionColdWar	Cold War	ColdWar	Cold War	ColdWar	Housing	Housing	Residential	1650	0	0	False	BuildColdWarMansion	C:\Program Files\Epic Games\Tropico6ModKit\Tropico6\Content\Blueprints\Buildings\BuildingData\ColdWar\DA_MansionColdWar.uasset	/Game/Blueprints/Buildings/ColdWar/MansionColdWar/BP_T6MansionColdWar.BP_T6MansionColdWar_C
Tenement	DA_T6Tenement	Cold War	ColdWar	Cold War	ColdWar	Housing	Housing	Residential	3500	0	0	False	BuildTenement	C:\Program Files\Epic Games\Tropico6ModKit\Tropico6\Content\Blueprints\Buildings\BuildingData\ColdWar\DA_T6Tenement.uasset	/Game/Blueprints/Buildings/ColdWar/Tenement/BP_T6Tenement.BP_T6Tenement_C
Chocolate Factory	DA_ChocolateFactory	Cold War	ColdWar	Cold War	ColdWar	Industry	Industry	Industrial	6500	0	0	False	BuildChocolateFactory	C:\Program Files\Epic Games\Tropico6ModKit\Tropico6\Content\Blueprints\Buildings\BuildingData\ColdWar\DA_ChocolateFactory.uasset	/Game/Blueprints/Buildings/ColdWar/ChocolateFactory/BP_T6ChocolateFactory.BP_T6ChocolateFactory_C
Furniture Factory	DA_FurnitureFactory	Cold War	ColdWar	Cold War	ColdWar	Industry	Industry	Industrial	8000	0	0	False	BuildFurnitureFactory	C:\Program Files\Epic Games\Tropico6ModKit\Tropico6\Content\Blueprints\Buildings\BuildingData\ColdWar\DA_FurnitureFactory.uasset	/Game/Blueprints/Buildings/ColdWar/FurnitureFactory/BP_T6FurnitureFactory.BP_T6FurnitureFactory_C
Jewelry Workshop	DA_JewelryWorkshop	Cold War	ColdWar	Cold War	ColdWar	Industry	Industry	Industrial	9500	0	0	False	BuildJewelryWorkshop	C:\Program Files\Epic Games\Tropico6ModKit\Tropico6\Content\Blueprints\Buildings\BuildingData\ColdWar\DA_JewelryWorkshop.uasset	/Game/Blueprints/Buildings/ColdWar/JewelryWorkshop/BP_T6JewelryWorkshop.BP_T6JewelryWorkshop_C
Plastics Plant	DA_PlasticsPlant	Cold War	ColdWar	Cold War	ColdWar	Industry	Industry	Industrial	10500	0	0	False	BuildPlasticsPlant	C:\Program Files\Epic Games\Tropico6ModKit\Tropico6\Content\Blueprints\Buildings\BuildingData\ColdWar\DA_PlasticsPlant.uasset	/Game/Blueprints/Buildings/ColdWar/PlasticsPlant/BP_T6PlasticsPlant.BP_T6PlasticsPlant_C
Vehicle Factory	DA_VehicleFactory	Cold War	ColdWar	Cold War	ColdWar	Industry	Industry	Industrial	22000	0	0	False	BuildVehicleFactory	C:\Program Files\Epic Games\Tropico6ModKit\Tropico6\Content\Blueprints\Buildings\BuildingData\ColdWar\DA_VehicleFactory.uasset	/Game/Blueprints/Buildings/ColdWar/VehicleFactory/BP_T6VehicleFactory.BP_T6VehicleFactory_C
Metro Station	DA_MetroStation	Cold War	ColdWar	Cold War	ColdWar	Infrastructure	Infrastructure		5000	0	0	False	BuildMetroStation	C:\Program Files\Epic Games\Tropico6ModKit\Tropico6\Content\Blueprints\Buildings\BuildingData\ColdWar\DA_MetroStation.uasset	/Game/Blueprints/Buildings/ColdWar/MetroStation/BP_T6MetroStation.BP_T6MetroStation_C
Nuclear Power Plant	DA_NuclearPowerPlant	Cold War	ColdWar	Cold War	ColdWar	Infrastructure	Infrastructure		32000	0	0	False	BuildNuclearPowerPlant	C:\Program Files\Epic Games\Tropico6ModKit\Tropico6\Content\Blueprints\Buildings\BuildingData\ColdWar\DA_NuclearPowerPlant.uasset	/Game/Blueprints/Buildings/ColdWar/NuclearPowerPlant/BP_T6NuclearPowerPlant.BP_T6NuclearPowerPlant_C
Colosseum	DA_T6Colosseum	Cold War	ColdWar	Cold War	ColdWar	Landmarks			15000	0	0	True	BuildColosseumOfRome	C:\Program Files\Epic Games\Tropico6ModKit\Tropico6\Content\Blueprints\Buildings\BuildingData\ColdWar\DA_T6Colosseum.uasset	/Game/Blueprints/Buildings/Landmarks/Colosseum/BP_T6Colosseum.BP_T6Colosseum_C
Great Sphinx	DA_T6GreatSphinx	Cold War	ColdWar	Cold War	ColdWar	Landmarks			15000	0	0	True	BuildGreatSphinx	C:\Program Files\Epic Games\Tropico6ModKit\Tropico6\Content\Blueprints\Buildings\BuildingData\ColdWar\DA_T6GreatSphinx.uasset	/Game/Blueprints/Buildings/Landmarks/GreatSphinx/BP_T6GreatSphinx.BP_T6GreatSphinx_C
Jesus Statue	DA_T6JesusStatue	Cold War	ColdWar	Cold War	ColdWar	Landmarks			15000	0	0	True	BuildJesusStatue	C:\Program Files\Epic Games\Tropico6ModKit\Tropico6\Content\Blueprints\Buildings\BuildingData\ColdWar\DA_T6JesusStatue.uasset	/Game/Blueprints/Buildings/Landmarks/JesusStatue/BP_T6JesusStatue.BP_T6JesusStatue_C
Saint Basil Cathedral	DA_T6SaintBasilCathedral	Cold War	ColdWar	Cold War	ColdWar	Landmarks			15000	0	0	True	BuildSaintBasilsCathedral	C:\Program Files\Epic Games\Tropico6ModKit\Tropico6\Content\Blueprints\Buildings\BuildingData\ColdWar\DA_T6SaintBasilCathedral.uasset	/Game/Blueprints/Buildings/Landmarks/SaintBasilCathedral/BP_T6SaintBasilCathedral.BP_T6SaintBasilCathedral_C
Statue Of Liberty	DA_T6StatueOfLiberty	Cold War	ColdWar	Cold War	ColdWar	Landmarks			15000	0	0	True	BuildStatueOfLiberty	C:\Program Files\Epic Games\Tropico6ModKit\Tropico6\Content\Blueprints\Buildings\BuildingData\ColdWar\DA_T6StatueOfLiberty.uasset	/Game/Blueprints/Buildings/Landmarks/StatueOfLiberty/BP_T6StatueOfLiberty.BP_T6StatueOfLiberty_C
The Ball	DA_TheBall	Cold War	ColdWar	Cold War	ColdWar	Landmarks			12500	0	0	True		C:\Program Files\Epic Games\Tropico6ModKit\Tropico6\Content\Blueprints\Buildings\BuildingData\ColdWar\DA_TheBall.uasset	
Casino	DA_Casino	Cold War	ColdWar	Cold War	ColdWar	LuxuryEntertainment	LuxuryEntertainment	Entertainment	9200	0	0	False	BuildCasino	C:\Program Files\Epic Games\Tropico6ModKit\Tropico6\Content\Blueprints\Buildings\BuildingData\ColdWar\DA_Casino.uasset	/Game/Blueprints/Buildings/ColdWar/Casino/BP_T6Casino.BP_T6Casino_C
Cocktail Bar	DA_CocktailBar	Cold War	ColdWar	Cold War	ColdWar	LuxuryEntertainment	LuxuryEntertainment	Entertainment	3400	0	0	False	BuildCocktailBar	C:\Program Files\Epic Games\Tropico6ModKit\Tropico6\Content\Blueprints\Buildings\BuildingData\ColdWar\DA_CocktailBar.uasset	/Game/Blueprints/Buildings/ColdWar/CocktailBar/BP_T6CocktailBar.BP_T6CocktailBar_C
Golf Course	DA_T6GolfCourse	Cold War	ColdWar	Cold War	ColdWar	LuxuryEntertainment	LuxuryEntertainment	Entertainment	12000	0	0	False	BuildGolfCourse	C:\Program Files\Epic Games\Tropico6ModKit\Tropico6\Content\Blueprints\Buildings\BuildingData\ColdWar\DA_T6GolfCourse.uasset	/Game/Blueprints/Buildings/ColdWar/GolfCourse/BP_T6GolfCourse.BP_T6GolfCourse_C
Gourmet Restaurant	DA_T6GourmetRestaurant	Cold War	ColdWar	Cold War	ColdWar	LuxuryEntertainment	LuxuryEntertainment	Entertainment	16000	0	0	False	BuildGourmetRestaurant	C:\Program Files\Epic Games\Tropico6ModKit\Tropico6\Content\Blueprints\Buildings\BuildingData\ColdWar\DA_T6GourmetRestaurant.uasset	/Game/Blueprints/Buildings/ColdWar/GourmetRestaurant/BP_T6GourmetRestaurant.BP_T6GourmetRestaurant_C
Night Club	DA_NightClub	Cold War	ColdWar	Cold War	ColdWar	LuxuryEntertainment	LuxuryEntertainment	Entertainment	9800	0	0	False	BuildNightClub	C:\Program Files\Epic Games\Tropico6ModKit\Tropico6\Content\Blueprints\Buildings\BuildingData\ColdWar\DA_NightClub.uasset	/Game/Blueprints/Buildings/ColdWar/NightClub/BP_T6NightClub.BP_T6NightClub_C
Snorkel Bay	DA_SnorkelBay	Cold War	ColdWar	Cold War	ColdWar	LuxuryEntertainment	LuxuryEntertainment	Entertainment	3000	0	0	False	BuildSnorkelBay	C:\Program Files\Epic Games\Tropico6ModKit\Tropico6\Content\Blueprints\Buildings\BuildingData\ColdWar\DA_SnorkelBay.uasset	/Game/Blueprints/Buildings/ColdWar/SnorkelBay/BP_T6SnorkelBay.BP_T6SnorkelBay_C
Childhood Museum	DA_T6ChildhoodMuseum	Cold War	ColdWar	Cold War	ColdWar	MediaAndEducation	MediaEducation		7500	0	0	False	BuildChildhoodMuseum	C:\Program Files\Epic Games\Tropico6ModKit\Tropico6\Content\Blueprints\Buildings\BuildingData\ColdWar\DA_T6ChildhoodMuseum.uasset	/Game/Blueprints/Buildings/ColdWar/ChildhoodMuseum/BP_T6ChildhoodMuseum.BP_T6ChildhoodMuseum_C
Inspiring Billboard	DA_T6InspiringBillboard	Cold War	ColdWar	Cold War	ColdWar	MediaAndEducation	MediaEducation	Govermental	450	0	0	False	BuildInspiringBillboard	C:\Program Files\Epic Games\Tropico6ModKit\Tropico6\Content\Blueprints\Buildings\BuildingData\ColdWar\DA_T6InspiringBillboard.uasset	/Game/Blueprints/Buildings/ColdWar/InspiringBillboard/BP_T6InspiringBillboard.BP_T6InspiringBillboard_C
Inspiring Statue	DA_T6InspiringStatue	Cold War	ColdWar	Cold War	ColdWar	MediaAndEducation	MediaEducation		5000	0	0	False	BuildInspiringStatue	C:\Program Files\Epic Games\Tropico6ModKit\Tropico6\Content\Blueprints\Buildings\BuildingData\ColdWar\DA_T6InspiringStatue.uasset	/Game/Blueprints/Buildings/ColdWar/InspiringStatue/BP_T6InspiringStatue.BP_T6InspiringStatue_C
Mausoleum	DA_T6Mausoleum	Cold War	ColdWar	Cold War	ColdWar	MediaAndEducation	MediaEducation	Educational	28000	0	0	False	BuildMausoleum	C:\Program Files\Epic Games\Tropico6ModKit\Tropico6\Content\Blueprints\Buildings\BuildingData\ColdWar\DA_T6Mausoleum.uasset	/Game/Blueprints/Buildings/ColdWar/Mausoleum/BP_T6Mausoleum.BP_T6Mausoleum_C
Nuclear Program	DA_T6NuclearProgram	Cold War	ColdWar	Cold War	ColdWar	MediaAndEducation	MediaEducation		35000	0	0	False	BuildNuclearProgram	C:\Program Files\Epic Games\Tropico6ModKit\Tropico6\Content\Blueprints\Buildings\BuildingData\ColdWar\DA_T6NuclearProgram.uasset	/Game/Blueprints/Buildings/ColdWar/NuclearProgram/BP_T6NuclearProgram.BP_T6NuclearProgram_C
Research Lab	DA_ResearchLab	Cold War	ColdWar	Cold War	ColdWar	MediaAndEducation	MediaEducation	Research	16000	0	0	False	BuildResearchLab	C:\Program Files\Epic Games\Tropico6ModKit\Tropico6\Content\Blueprints\Buildings\BuildingData\ColdWar\DA_ResearchLab.uasset	/Game/Blueprints/Buildings/ColdWar/ResearchLab/BP_T6ResearchLab.BP_T6ResearchLab_C
Space Program	DA_T6SpaceProgram	Cold War	ColdWar	Cold War	ColdWar	MediaAndEducation	MediaEducation	Research	42000	0	0	False	BuildSpaceProgram	C:\Program Files\Epic Games\Tropico6ModKit\Tropico6\Content\Blueprints\Buildings\BuildingData\ColdWar\DA_T6SpaceProgram.uasset	/Game/Blueprints/Buildings/ColdWar/SpaceProgram/BP_T6SpaceProgram.BP_T6SpaceProgram_C
TV Station	DA_T6TVStation	Cold War	ColdWar	Cold War	ColdWar	MediaAndEducation	MediaEducation	Media	8200	0	0	False	BuildTVStation	C:\Program Files\Epic Games\Tropico6ModKit\Tropico6\Content\Blueprints\Buildings\BuildingData\ColdWar\DA_T6TVStation.uasset	/Game/Blueprints/Buildings/ColdWar/TVStation/BP_T6TVStation.BP_T6TVStation_C
Aircraft Carrier	DA_AircraftCarrier	Cold War	ColdWar	Cold War	ColdWar	Military	Military	Military	35000	0	0	False	BuildAircraftCarrier	C:\Program Files\Epic Games\Tropico6ModKit\Tropico6\Content\Blueprints\Buildings\BuildingData\ColdWar\DA_AircraftCarrier.uasset	/Game/Blueprints/Buildings/ColdWar/AircraftCarrier/BP_T6AircraftCarrier.BP_T6AircraftCarrier_C
Security Checkpoint	DA_SecurityCheckpoint	Cold War	ColdWar	Cold War	ColdWar	Military	Military		480	0	0	False	BuildSecurityCheckpoint	C:\Program Files\Epic Games\Tropico6ModKit\Tropico6\Content\Blueprints\Buildings\BuildingData\ColdWar\DA_SecurityCheckpoint.uasset	/Game/Blueprints/Buildings/ColdWar/SecurityCheckpoint/BP_T6SecurityCheckpoint.BP_T6SecurityCheckpoint_C
Spy Academy	DA_SpyAcademy	Cold War	ColdWar	Cold War	ColdWar	Military	Military	Raid	12000	0	0	False	BuildSpyAcademy	C:\Program Files\Epic Games\Tropico6ModKit\Tropico6\Content\Blueprints\Buildings\BuildingData\ColdWar\DA_SpyAcademy.uasset	/Game/Blueprints/Buildings/ColdWar/SpyAcademy/BP_T6SpyAcademy.BP_T6SpyAcademy_C
Asylum	DA_Asylum	Cold War	ColdWar	Cold War	ColdWar	PublicServices	PublicService		7500	0	0	False	BuildAsylum	C:\Program Files\Epic Games\Tropico6ModKit\Tropico6\Content\Blueprints\Buildings\BuildingData\ColdWar\DA_Asylum.uasset	/Game/Blueprints/Buildings/ColdWar/Asylum/BP_T6Asylum.BP_T6Asylum_C
Cathedral	DA_Cathedral	Cold War	ColdWar	Cold War	ColdWar	PublicServices	PublicService	Religious	12600	0	0	False	BuildCathedral	C:\Program Files\Epic Games\Tropico6ModKit\Tropico6\Content\Blueprints\Buildings\BuildingData\ColdWar\DA_Cathedral.uasset	/Game/Blueprints/Buildings/ColdWar/Cathedral/BP_T6Cathedral.BP_T6Cathedral_C
Garbage Dump	DA_GarbageDump	Cold War	ColdWar	Cold War	ColdWar	PublicServices	PublicService		1000	0	0	False	BuildGarbageDump	C:\Program Files\Epic Games\Tropico6ModKit\Tropico6\Content\Blueprints\Buildings\BuildingData\ColdWar\DA_GarbageDump.uasset	/Game/Blueprints/Buildings/ColdWar/GarbageDump/BP_T6GarbageDump.BP_T6GarbageDump_C
Hospital	DA_Hospital	Cold War	ColdWar	Cold War	ColdWar	PublicServices	PublicService	Healthcare	7800	0	0	False	BuildHospital	C:\Program Files\Epic Games\Tropico6ModKit\Tropico6\Content\Blueprints\Buildings\BuildingData\ColdWar\DA_Hospital.uasset	/Game/Blueprints/Buildings/ColdWar/Hospital/BP_T6Hospital.BP_T6Hospital_C
Ancient Ruins	DA_AncientRuins	Cold War	ColdWar	Cold War	ColdWar	Tourism	Tourism	Tourism	2500	0	0	False	BuildAncientRuins	C:\Program Files\Epic Games\Tropico6ModKit\Tropico6\Content\Blueprints\Buildings\BuildingData\ColdWar\DA_AncientRuins.uasset	/Game/Blueprints/Buildings/AncientRuins/BP_T6AncientRuins.BP_T6AncientRuins_C
Beach Villa	DA_BeachVilla	Cold War	ColdWar	Cold War	ColdWar	Tourism	Tourism	Tourism	1100	0	0	False	BuildBeachVilla	C:\Program Files\Epic Games\Tropico6ModKit\Tropico6\Content\Blueprints\Buildings\BuildingData\ColdWar\DA_BeachVilla.uasset	/Game/Blueprints/Buildings/ColdWar/BeachVilla/BP_T6BeachVilla.BP_T6BeachVilla_C
Cabana Village	DA_CabanaVillage	Cold War	ColdWar	Cold War	ColdWar	Tourism	Tourism	Tourism	1900	0	0	False	BuildCabanaVillage	C:\Program Files\Epic Games\Tropico6ModKit\Tropico6\Content\Blueprints\Buildings\BuildingData\ColdWar\DA_CabanaVillage.uasset	/Game/Blueprints/Buildings/ColdWar/CabanaVillage/BP_T6CabanaVillage.BP_T6CabanaVillage_C
Cabin	DA_Cabin	Cold War	ColdWar	Cold War	ColdWar	Tourism	Tourism	Tourism	700	0	0	False	BuildCabin	C:\Program Files\Epic Games\Tropico6ModKit\Tropico6\Content\Blueprints\Buildings\BuildingData\ColdWar\DA_Cabin.uasset	/Game/Blueprints/Buildings/ColdWar/Cabin/BP_T6Cabin.BP_T6Cabin_C
Ethnic Enclave	DA_EthnicEnclave	Cold War	ColdWar	Cold War	ColdWar	Tourism	Tourism	Tourism	6600	0	0	False	BuildEthnicEnclave	C:\Program Files\Epic Games\Tropico6ModKit\Tropico6\Content\Blueprints\Buildings\BuildingData\ColdWar\DA_EthnicEnclave.uasset	/Game/Blueprints/Buildings/ColdWar/EthnicEnclave/BP_T6EthnicEnclave.BP_T6EthnicEnclave_C
Hotel	DA_Hotel	Cold War	ColdWar	Cold War	ColdWar	Tourism	Tourism	Tourism	4400	0	0	False	BuildHotel	C:\Program Files\Epic Games\Tropico6ModKit\Tropico6\Content\Blueprints\Buildings\BuildingData\ColdWar\DA_Hotel.uasset	/Game/Blueprints/Buildings/ColdWar/Hotel/BP_T6Hotel.BP_T6Hotel_C
Motel	DA_Motel	Cold War	ColdWar	Cold War	ColdWar	Tourism	Tourism	Tourism	2150	0	0	False	BuildMotel	C:\Program Files\Epic Games\Tropico6ModKit\Tropico6\Content\Blueprints\Buildings\BuildingData\ColdWar\DA_Motel.uasset	/Game/Blueprints/Buildings/ColdWar/Motel/BP_T6Motel.BP_T6Motel_C
Scenic Outlook	DA_ScenicOutlook	Cold War	ColdWar	Cold War	ColdWar	Tourism	Tourism	Tourism	500	0	0	False	BuildScenicOutlook	C:\Program Files\Epic Games\Tropico6ModKit\Tropico6\Content\Blueprints\Buildings\BuildingData\ColdWar\DA_ScenicOutlook.uasset	/Game/Blueprints/Buildings/ColdWar/ScenicOutlook/BP_T6ScenicOutlook.BP_T6ScenicOutlook_C
Souvenir Shop	DA_SouvenirShop	Cold War	ColdWar	Cold War	ColdWar	Tourism	Tourism	Tourism	1320	0	0	False	BuildSouvenirShop	C:\Program Files\Epic Games\Tropico6ModKit\Tropico6\Content\Blueprints\Buildings\BuildingData\ColdWar\DA_SouvenirShop.uasset	/Game/Blueprints/Buildings/ColdWar/SouvenirShop/BP_T6SouvenirShop.BP_T6SouvenirShop_C
Tour Office	DA_TourOffice	Cold War	ColdWar	Cold War	ColdWar	Tourism	Tourism	Tourism	2400	0	0	False	BuildTourOffice	C:\Program Files\Epic Games\Tropico6ModKit\Tropico6\Content\Blueprints\Buildings\BuildingData\ColdWar\DA_TourOffice.uasset	/Game/Blueprints/Buildings/ColdWar/TourOffice/BP_T6TourOffice.BP_T6TourOffice_C
Tourist Port	DA_TouristPort	Cold War	ColdWar	Cold War	ColdWar	Tourism	Tourism	Tourism	9000	0	0	False	BuildTouristPort	C:\Program Files\Epic Games\Tropico6ModKit\Tropico6\Content\Blueprints\Buildings\BuildingData\ColdWar\DA_TouristPort.uasset	/Game/Blueprints/Buildings/ColdWar/TouristPort/BP_T6TouristPort.BP_T6TouristPort_C
Relocation	DA_T6RelocationDoppelgangerBP	Colonial	Colonial	Colonial	Colonial				2500	0	0	False		C:\Program Files\Epic Games\Tropico6ModKit\Tropico6\Content\Blueprints\Buildings\BuildingData\Colonial\DA_T6RelocationDoppelgangerBP.uasset	/Game/Blueprints/Buildings/Relocation/BP_T6RelocationDoppelganger.BP_T6RelocationDoppelganger_C
Anniversary Park	DA_T6AnniversaryParkBP	Colonial	Colonial	Colonial	Colonial	Decoration	Infrastructure		500	0	0	False		C:\Program Files\Epic Games\Tropico6ModKit\Tropico6\Content\Blueprints\Buildings\BuildingData\Colonial\DA_T6AnniversaryParkBP.uasset	/Game/Blueprints/Buildings/Colonial/AnniversaryPark/BP_T6AnniversaryPark.BP_T6AnniversaryPark_C
Fountain	DA_T6FountainBP	Colonial	Colonial	Colonial	Colonial	Decoration	Infrastructure		75	0	0	False	BuildFountain	C:\Program Files\Epic Games\Tropico6ModKit\Tropico6\Content\Blueprints\Buildings\BuildingData\Colonial\DA_T6FountainBP.uasset	/Game/Blueprints/Buildings/Colonial/Fountain/BP_T6Fountain.BP_T6Fountain_C
Large Garden	DA_T6LargeGardenBigBP	Colonial	Colonial	Colonial	Colonial	Decoration	Infrastructure		120	0	0	False	BuildPark23	C:\Program Files\Epic Games\Tropico6ModKit\Tropico6\Content\Blueprints\Buildings\BuildingData\Colonial\DA_T6LargeGardenBigBP.uasset	/Game/Blueprints/Buildings/Colonial/LargeGarden/BP_T6LargeGardenBig.BP_T6LargeGardenBig_C
Large Garden	DA_T6LargeGardenBP	Colonial	Colonial	Colonial	Colonial	Decoration	Infrastructure		80	0	0	False	BuildPark22	C:\Program Files\Epic Games\Tropico6ModKit\Tropico6\Content\Blueprints\Buildings\BuildingData\Colonial\DA_T6LargeGardenBP.uasset	/Game/Blueprints/Buildings/Colonial/LargeGarden/BP_T6LargeGarden.BP_T6LargeGarden_C
Large Garden	DA_T6LargeGardenHuge	Colonial	Colonial	Colonial	Colonial	Decoration	Infrastructure		180	0	0	False	BuildPark33	C:\Program Files\Epic Games\Tropico6ModKit\Tropico6\Content\Blueprints\Buildings\BuildingData\Colonial\DA_T6LargeGardenHuge.uasset	/Game/Blueprints/Buildings/Colonial/LargeGarden/BP_T6LargeGardenHuge.BP_T6LargeGardenHuge_C
Small Garden	DA_T6SmallGardenBP	Colonial	Colonial	Colonial	Colonial	Decoration	Infrastructure		25	0	0	False	BuildPark11	C:\Program Files\Epic Games\Tropico6ModKit\Tropico6\Content\Blueprints\Buildings\BuildingData\Colonial\DA_T6SmallGardenBP.uasset	/Game/Blueprints/Buildings/Colonial/SmallGarden/BP_T6SmallGarden.BP_T6SmallGarden_C
Small Garden	DA_T6SmallGardenMediumBP	Colonial	Colonial	Colonial	Colonial	Decoration	Infrastructure		40	0	0	False	BuildPark21	C:\Program Files\Epic Games\Tropico6ModKit\Tropico6\Content\Blueprints\Buildings\BuildingData\Colonial\DA_T6SmallGardenMediumBP.uasset	/Game/Blueprints/Buildings/Colonial/SmallGarden/BP_T6SmallGardenMedium.BP_T6SmallGardenMedium_C
Square	DA_T6Square2x2BP	Colonial	Colonial	Colonial	Colonial	Decoration	Infrastructure		100	0	0	False	BuildSquare22	C:\Program Files\Epic Games\Tropico6ModKit\Tropico6\Content\Blueprints\Buildings\BuildingData\Colonial\DA_T6Square2x2BP.uasset	/Game/Blueprints/Buildings/Colonial/Square/BP_T6Square2x2.BP_T6Square2x2_C
Square	DA_T6Square2x3BP	Colonial	Colonial	Colonial	Colonial	Decoration	Infrastructure		150	0	0	False	BuildSquare23	C:\Program Files\Epic Games\Tropico6ModKit\Tropico6\Content\Blueprints\Buildings\BuildingData\Colonial\DA_T6Square2x3BP.uasset	/Game/Blueprints/Buildings/Colonial/Square/BP_T6Square2x3.BP_T6Square2x3_C
Square	DA_T6Square3x3BP	Colonial	Colonial	Colonial	Colonial	Decoration	Infrastructure		250	0	0	False	BuildSquare33	C:\Program Files\Epic Games\Tropico6ModKit\Tropico6\Content\Blueprints\Buildings\BuildingData\Colonial\DA_T6Square3x3BP.uasset	/Game/Blueprints/Buildings/Colonial/Square/BP_T6Square3x3.BP_T6Square3x3_C
Circus	DA_T6Circus	Colonial	Colonial	Colonial	Colonial	Entertainment	Entertainment	Entertainment	4800	0	0	False	BuildCircus	C:\Program Files\Epic Games\Tropico6ModKit\Tropico6\Content\Blueprints\Buildings\BuildingData\Colonial\DA_T6Circus.uasset	/Game/Blueprints/Buildings/Colonial/Circus/BP_T6Circus.BP_T6Circus_C
Streetperformer	DA_Streetperformer	Colonial	Colonial	Colonial	Colonial	Entertainment	Entertainment	Entertainment	400	0	0	False	BuildStreetperformer	C:\Program Files\Epic Games\Tropico6ModKit\Tropico6\Content\Blueprints\Buildings\BuildingData\Colonial\DA_Streetperformer.uasset	/Game/Blueprints/Buildings/ColdWar/Streetperformer/BP_T6Streetperformer.BP_T6Streetperformer_C
Tavern	DA_T6TavernBP	Colonial	Colonial	Colonial	Colonial	Entertainment	Entertainment	Entertainment	1200	0	0	False	BuildTavern	C:\Program Files\Epic Games\Tropico6ModKit\Tropico6\Content\Blueprints\Buildings\BuildingData\Colonial\DA_T6TavernBP.uasset	/Game/Blueprints/Buildings/Colonial/Tavern/BP_T6Tavern.BP_T6Tavern_C
Coconut Harvester	DA_T6CoconutHarvester	Colonial	Colonial	Colonial	Colonial	FoodAndResources	FoodResource		800	0	0	False	BuildCoconutHarvester	C:\Program Files\Epic Games\Tropico6ModKit\Tropico6\Content\Blueprints\Buildings\BuildingData\Colonial\DA_T6CoconutHarvester.uasset	/Game/Blueprints/Buildings/Colonial/CoconutHarvester/BP_T6CoconutHarvester.BP_T6CoconutHarvester_C
Fishermens Wharf	DA_T6FishermensWharf	Colonial	Colonial	Colonial	Colonial	FoodAndResources	FoodResource		1200	0	0	False	BuildFishermensWharf	C:\Program Files\Epic Games\Tropico6ModKit\Tropico6\Content\Blueprints\Buildings\BuildingData\Colonial\DA_T6FishermensWharf.uasset	/Game/Blueprints/Buildings/Colonial/FishermensWharf/BP_T6FishermensWharf.BP_T6FishermensWharf_C
Logging Camp	DA_T6LoggingCampBP	Colonial	Colonial	Colonial	Colonial	FoodAndResources	FoodResource		750	0	0	False	BuildLoggingCamp	C:\Program Files\Epic Games\Tropico6ModKit\Tropico6\Content\Blueprints\Buildings\BuildingData\Colonial\DA_T6LoggingCampBP.uasset	/Game/Blueprints/Buildings/Colonial/LoggingCamp/BP_T6LoggingCamp.BP_T6LoggingCamp_C
Mine	DA_T6Mine	Colonial	Colonial	Colonial	Colonial	FoodAndResources	FoodResource	SoilResources	1200	0	0	False	BuildMine	C:\Program Files\Epic Games\Tropico6ModKit\Tropico6\Content\Blueprints\Buildings\BuildingData\Colonial\DA_T6Mine.uasset	/Game/Blueprints/Buildings/Colonial/Mine/BP_T6Mine.BP_T6Mine_C
Pile OfBS	DA_T6PileOfBSBP	Colonial	Colonial	Colonial	Colonial	FoodAndResources	FoodResource		300	0	0	False	BuildPileOfBS	C:\Program Files\Epic Games\Tropico6ModKit\Tropico6\Content\Blueprints\Buildings\BuildingData\Colonial\DA_T6PileOfBSBP.uasset	/Game/Blueprints/Buildings/Colonial/PileOfBS/BP_T6PileOfBS.BP_T6PileOfBS_C
Plantation	DA_Building_Plantation	Colonial	Colonial	Colonial	Colonial	FoodAndResources	FoodResource		1500	0	0	False	BuildPlantation	C:\Program Files\Epic Games\Tropico6ModKit\Tropico6\Content\Blueprints\Buildings\BuildingData\Colonial\DA_Building_Plantation.uasset	/Game/Blueprints/Buildings/Colonial/Plantation/BP_Building_Plantation.BP_Building_Plantation_C
Ranch	DA_T6Ranch	Colonial	Colonial	Colonial	Colonial	FoodAndResources	FoodResource		900	0	0	False	BuildRanch	C:\Program Files\Epic Games\Tropico6ModKit\Tropico6\Content\Blueprints\Buildings\BuildingData\Colonial\DA_T6Ranch.uasset	/Game/Blueprints/Buildings/Colonial/Ranch/BP_T6Ranch.BP_T6Ranch_C
Dungeon	DA_T6DungeonBP	Colonial	Colonial	Colonial	Colonial	Government	GovernmentFinance		3000	0	0	False	BuildDungeon	C:\Program Files\Epic Games\Tropico6ModKit\Tropico6\Content\Blueprints\Buildings\BuildingData\Colonial\DA_T6DungeonBP.uasset	/Game/Blueprints/Buildings/Colonial/Dungeon/BP_T6Dungeon.BP_T6Dungeon_C
Palace	DA_Building_Palace	Colonial	Colonial	Colonial	Colonial	Government	GovernmentFinance		0	0	0	False		C:\Program Files\Epic Games\Tropico6ModKit\Tropico6\Content\Blueprints\Buildings\BuildingData\Colonial\DA_Building_Palace.uasset	/Game/Blueprints/Buildings/Palace/Building_Palace.Building_Palace_C
Trade Institute	DA_T6TradeInstitute_BuildingBP	Colonial	Colonial	Colonial	Colonial	Government	GovernmentFinance	Govermental	8500	0	0	False		C:\Program Files\Epic Games\Tropico6ModKit\Tropico6\Content\Blueprints\Buildings\BuildingData\Colonial\DA_T6TradeInstitute_BuildingBP.uasset	/Game/Blueprints/Buildings/DLC/LlamaOfWallStreet/WorldWar/TradeInstitute/BP_T6TradeInstitute_Building.BP_T6TradeInstitute_Building_C
Bunkhouse	DA_T6Bunkhouse	Colonial	Colonial	Colonial	Colonial	Housing	Housing	Residential	1200	0	0	False	BuildBunkhouse	C:\Program Files\Epic Games\Tropico6ModKit\Tropico6\Content\Blueprints\Buildings\BuildingData\Colonial\DA_T6Bunkhouse.uasset	/Game/Blueprints/Buildings/Colonial/Bunkhouse/BP_T6Bunkhouse.BP_T6Bunkhouse_C
Country House	DA_T6CountryHouseBP	Colonial	Colonial	Colonial	Colonial	Housing	Housing	Residential	850	0	0	False	BuildCountryHouse	C:\Program Files\Epic Games\Tropico6ModKit\Tropico6\Content\Blueprints\Buildings\BuildingData\Colonial\DA_T6CountryHouseBP.uasset	/Game/Blueprints/Buildings/Colonial/CountryHouse/BP_T6CountryHouse.BP_T6CountryHouse_C
Mansion	DA_T6Mansion	Colonial	Colonial	Colonial	Colonial	Housing	Housing	Residential	1200	0	0	False	BuildMansion	C:\Program Files\Epic Games\Tropico6ModKit\Tropico6\Content\Blueprints\Buildings\BuildingData\Colonial\DA_T6Mansion.uasset	/Game/Blueprints/Buildings/Colonial/Mansion/BP_T6Mansion.BP_T6Mansion_C
Shack	DA_T6ShackBP	Colonial	Colonial	Colonial	Colonial	Housing	Housing		0	0	0	False		C:\Program Files\Epic Games\Tropico6ModKit\Tropico6\Content\Blueprints\Buildings\BuildingData\Colonial\DA_T6ShackBP.uasset	/Game/Blueprints/Buildings/Colonial/Shack/BP_Shack.BP_Shack_C
Lumber Mill	DA_T6LumberMillBP	Colonial	Colonial	Colonial	Colonial	Industry	Industry	Industrial	5600	0	0	False	BuildLumberMill	C:\Program Files\Epic Games\Tropico6ModKit\Tropico6\Content\Blueprints\Buildings\BuildingData\Colonial\DA_T6LumberMillBP.uasset	/Game/Blueprints/Buildings/Colonial/LumberMill/BP_T6LumberMill.BP_T6LumberMill_C
Rum Distillery	DA_T6RumDistilleryBP	Colonial	Colonial	Colonial	Colonial	Industry	Industry	Industrial	9600	0	0	False	BuildRumDistillery	C:\Program Files\Epic Games\Tropico6ModKit\Tropico6\Content\Blueprints\Buildings\BuildingData\Colonial\DA_T6RumDistilleryBP.uasset	/Game/Blueprints/Buildings/Colonial/RumDistillery/BP_T6RumDistillery.BP_T6RumDistillery_C
Tannery	DA_T6TanneryBP	Colonial	Colonial	Colonial	Colonial	Industry	Industry	Industrial	6000	0	0	False	BuildTannery	C:\Program Files\Epic Games\Tropico6ModKit\Tropico6\Content\Blueprints\Buildings\BuildingData\Colonial\DA_T6TanneryBP.uasset	/Game/Blueprints/Buildings/Colonial/Tannery/BP_T6Tannery.BP_T6Tannery_C
Toy Workshop	DA_T6ToyWorkshop_BuildingBP	Colonial	Colonial	Colonial	Colonial	Industry	Industry	Industrial	6500	0	0	False		C:\Program Files\Epic Games\Tropico6ModKit\Tropico6\Content\Blueprints\Buildings\BuildingData\Colonial\DA_T6ToyWorkshop_BuildingBP.uasset	/Game/Blueprints/Buildings/DLC/LlamaOfWallStreet/Colonial/ToyWorkshop/BP_T6ToyWorkshop_Building.BP_T6ToyWorkshop_Building_C
Construction Office	DA_Building_ConstructionOfficeBP	Colonial	Colonial	Colonial	Colonial	Infrastructure	Infrastructure		2000	0	0	False	BuildConstructionOffice	C:\Program Files\Epic Games\Tropico6ModKit\Tropico6\Content\Blueprints\Buildings\BuildingData\Colonial\DA_Building_ConstructionOfficeBP.uasset	/Game/Blueprints/Buildings/Colonial/ConstructionOffice/BP_Building_ConstructionOffice.BP_Building_ConstructionOffice_C
Dock	DA_T6DockBP	Colonial	Colonial	Colonial	Colonial	Infrastructure	Infrastructure		9600	0	0	False	BuildDock	C:\Program Files\Epic Games\Tropico6ModKit\Tropico6\Content\Blueprints\Buildings\BuildingData\Colonial\DA_T6DockBP.uasset	/Game/Blueprints/Buildings/Colonial/Dock/BP_T6Dock.BP_T6Dock_C
Landing	DA_T6LandingBP	Colonial	Colonial	Colonial	Colonial	Infrastructure	Infrastructure		300	0	0	False	BuildLanding	C:\Program Files\Epic Games\Tropico6ModKit\Tropico6\Content\Blueprints\Buildings\BuildingData\Colonial\DA_T6LandingBP.uasset	/Game/Blueprints/Buildings/Colonial/Landing/BP_T6Landing.BP_T6Landing_C
Storage Quay	DA_T6StorageQuayBP	Colonial	Colonial	Colonial	Colonial	Infrastructure	Infrastructure		1700	0	0	False	BuildTeamsterPort	C:\Program Files\Epic Games\Tropico6ModKit\Tropico6\Content\Blueprints\Buildings\BuildingData\Colonial\DA_T6StorageQuayBP.uasset	/Game/Blueprints/Buildings/Colonial/StorageQuay/BP_T6StorageQuay.BP_T6StorageQuay_C
Teamsters Office	DA_Building_TeamsterBP	Colonial	Colonial	Colonial	Colonial	Infrastructure	Infrastructure		2000	0	0	False	BuildTeamsterOffice	C:\Program Files\Epic Games\Tropico6ModKit\Tropico6\Content\Blueprints\Buildings\BuildingData\Colonial\DA_Building_TeamsterBP.uasset	/Game/Blueprints/Buildings/Colonial/TeamstersOffice/BP_Building_Teamster.BP_Building_Teamster_C
Trade Post	DA_TradePost	Colonial	Colonial	Colonial	Colonial	Infrastructure	Infrastructure		1500	0	0	False	BuildTradePost	C:\Program Files\Epic Games\Tropico6ModKit\Tropico6\Content\Blueprints\Buildings\Colonial\TradePost\DA_TradePost.uasset	/Game/Blueprints/Buildings/Colonial/TradePost/DA_TradePost
Warehouse	DA_T6Warehouse_BuildingBP	Colonial	Colonial	Colonial	Colonial	Infrastructure	Infrastructure	Industrial	4000	0	0	False	BuildWarehouse	C:\Program Files\Epic Games\Tropico6ModKit\Tropico6\Content\Blueprints\Buildings\BuildingData\Colonial\DA_T6Warehouse_BuildingBP.uasset	/Game/Blueprints/Buildings/DLC/LlamaOfWallStreet/Colonial/Warehouse/BP_T6Warehouse_Building.BP_T6Warehouse_Building_C
Brandenburg Gate	DA_T6BrandenburgGateBP	Colonial	Colonial	Colonial	Colonial	Landmarks			10000	0	0	True	BuildBrandenburgGate	C:\Program Files\Epic Games\Tropico6ModKit\Tropico6\Content\Blueprints\Buildings\BuildingData\Colonial\DA_T6BrandenburgGateBP.uasset	/Game/Blueprints/Buildings/Landmarks/BrandenburgGate/BP_T6BrandenburgGate.BP_T6BrandenburgGate_C
Hagia Sophia	DA_T6HagiaSophiaBP	Colonial	Colonial	Colonial	Colonial	Landmarks			10000	0	0	True	BuildHagiaSophia	C:\Program Files\Epic Games\Tropico6ModKit\Tropico6\Content\Blueprints\Buildings\BuildingData\Colonial\DA_T6HagiaSophiaBP.uasset	/Game/Blueprints/Buildings/Landmarks/HagiaSophia/BP_T6HagiaSophia.BP_T6HagiaSophia_C
Registanof Samarkand	DA_T6RegistanofSamarkandBP	Colonial	Colonial	Colonial	Colonial	Landmarks			10000	0	0	True	BuildRegistanOfSamarkand	C:\Program Files\Epic Games\Tropico6ModKit\Tropico6\Content\Blueprints\Buildings\BuildingData\Colonial\DA_T6RegistanofSamarkandBP.uasset	/Game/Blueprints/Buildings/Landmarks/RegistanofSamarkand/BP_T6RegistanofSamarkand.BP_T6RegistanofSamarkand_C
Stonehenge	DA_T6StonehengeBP	Colonial	Colonial	Colonial	Colonial	Landmarks			10000	0	0	True	BuildStonehenge	C:\Program Files\Epic Games\Tropico6ModKit\Tropico6\Content\Blueprints\Buildings\BuildingData\Colonial\DA_T6StonehengeBP.uasset	/Game/Blueprints/Buildings/Landmarks/Stonehenge/BP_T6Stonehenge.BP_T6Stonehenge_C
Opera House	DA_T6OperaHouseBP	Colonial	Colonial	Colonial	Colonial	LuxuryEntertainment	LuxuryEntertainment	Entertainment	9880	0	0	False	BuildOperaHouse	C:\Program Files\Epic Games\Tropico6ModKit\Tropico6\Content\Blueprints\Buildings\BuildingData\Colonial\DA_T6OperaHouseBP.uasset	/Game/Blueprints/Buildings/Colonial/OperaHouse/BP_T6OperaHouse.BP_T6OperaHouse_C
Theater	DA_T6Theater	Colonial	Colonial	Colonial	Colonial	LuxuryEntertainment	LuxuryEntertainment	Entertainment	5300	0	0	False	BuildTheater	C:\Program Files\Epic Games\Tropico6ModKit\Tropico6\Content\Blueprints\Buildings\BuildingData\Colonial\DA_T6Theater.uasset	/Game/Blueprints/Buildings/Colonial/Theater/BP_T6Theater.BP_T6Theater_C
Library	DA_T6LibraryBP	Colonial	Colonial	Colonial	Colonial	MediaAndEducation	MediaEducation	Research	3600	0	0	False	BuildLibrary	C:\Program Files\Epic Games\Tropico6ModKit\Tropico6\Content\Blueprints\Buildings\BuildingData\Colonial\DA_T6LibraryBP.uasset	/Game/Blueprints/Buildings/Colonial/Library/BP_T6Library.BP_T6Library_C
Newspaper	DA_T6Newspaper	Colonial	Colonial	Colonial	Colonial	MediaAndEducation	MediaEducation	Media	1800	0	0	False	BuildNewspaper	C:\Program Files\Epic Games\Tropico6ModKit\Tropico6\Content\Blueprints\Buildings\BuildingData\Colonial\DA_T6Newspaper.uasset	/Game/Blueprints/Buildings/Colonial/Newspaper/BP_T6Newspaper.BP_T6Newspaper_C
Colonial Fort	DA_T6ColonialFortBP	Colonial	Colonial	Colonial	Colonial	Military	Military	Military	4000	0	0	False	BuildFort	C:\Program Files\Epic Games\Tropico6ModKit\Tropico6\Content\Blueprints\Buildings\BuildingData\Colonial\DA_T6ColonialFortBP.uasset	/Game/Blueprints/Buildings/Colonial/ColonialFort/BP_ColonialFort.BP_ColonialFort_C
Colonial Guard Tower	DA_ColonialGuardTower	Colonial	Colonial	Colonial	Colonial	Military	Military	Military	500	0	0	False	BuildGuardTower	C:\Program Files\Epic Games\Tropico6ModKit\Tropico6\Content\Blueprints\Buildings\BuildingData\Colonial\DA_ColonialGuardTower.uasset	/Game/Blueprints/Buildings/Colonial/ColonialGuardTower/BP_ColonialGuardTower.BP_ColonialGuardTower_C
Outpost	DA_T6OutpostBP	Colonial	Colonial	Colonial	Colonial	Military	Military	Military	500	0	0	False		C:\Program Files\Epic Games\Tropico6ModKit\Tropico6\Content\Blueprints\Buildings\BuildingData\Colonial\DA_T6OutpostBP.uasset	/Game/Blueprints/Buildings/Colonial/Outpost/BP_Outpost.BP_Outpost_C
Pirate Cove	DA_T6PirateCoveBP	Colonial	Colonial	Colonial	Colonial	Military	Military	Raid	4000	0	0	False	BuildPirateCove	C:\Program Files\Epic Games\Tropico6ModKit\Tropico6\Content\Blueprints\Buildings\BuildingData\Colonial\DA_T6PirateCoveBP.uasset	/Game/Blueprints/Buildings/Colonial/PirateCove/BP_T6PirateCove.BP_T6PirateCove_C
Chapel	DA_T6Chapel	Colonial	Colonial	Colonial	Colonial	PublicServices	PublicService	Religious	1700	0	0	False	BuildChapel	C:\Program Files\Epic Games\Tropico6ModKit\Tropico6\Content\Blueprints\Buildings\BuildingData\Colonial\DA_T6Chapel.uasset	/Game/Blueprints/Buildings/Colonial/Chapel/BP_T6Chapel.BP_T6Chapel_C
Grocery	DA_T6Grocery	Colonial	Colonial	Colonial	Colonial	PublicServices	PublicService		1200	0	0	False	BuildGrocery	C:\Program Files\Epic Games\Tropico6ModKit\Tropico6\Content\Blueprints\Buildings\BuildingData\Colonial\DA_T6Grocery.uasset	/Game/Blueprints/Buildings/WorldWars/Grocery/BP_T6Grocery.BP_T6Grocery_C
DM2 Fertility Bomb Prob	DA_DM2_FertilityBombProb	Drones	Modern	Drones	Dorones				0	0	0	False		C:\Program Files\Epic Games\Tropico6ModKit\Tropico6\Content\Blueprints\Buildings\BuildingData\Dorones\DA_DM2_FertilityBombProb.uasset	
Doc Death House	DA_DocDeathHause	Drones	Modern	Drones	Dorones				0	0	0	False		C:\Program Files\Epic Games\Tropico6ModKit\Tropico6\Content\Blueprints\Buildings\BuildingData\Dorones\DA_DocDeathHause.uasset	/Game/Blueprints/Buildings/DLC/Drones/DocHouses/DocDeathHouse/BP_T6DocDeathHouse.BP_T6DocDeathHouse_C
Doc Rowdy House	DA_DocRowdyHouse	Drones	Modern	Drones	Dorones				0	0	0	False		C:\Program Files\Epic Games\Tropico6ModKit\Tropico6\Content\Blueprints\Buildings\BuildingData\Dorones\DA_DocRowdyHouse.uasset	/Game/Blueprints/Buildings/DLC/Drones/DocHouses/DocRowdyHouse/BP_T6DocRowdyHouse.BP_T6DocRowdyHouse_C
Doc Treehugger House	DA_DocTreehuggerHouse	Drones	Modern	Drones	Dorones				0	0	0	False		C:\Program Files\Epic Games\Tropico6ModKit\Tropico6\Content\Blueprints\Buildings\BuildingData\Dorones\DA_DocTreehuggerHouse.uasset	/Game/Blueprints/Buildings/DLC/Drones/DocHouses/DocTreehuggerHouse/BP_T6DocTreehuggerHouse.BP_T6DocTreehuggerHouse_C
Home Drone Delivery Service	DA_CargoZeppelin	Drones	Modern	Drones	Dorones				0	0	0	False		C:\Program Files\Epic Games\Tropico6ModKit\Tropico6\Content\Blueprints\Buildings\BuildingData\Dorones\DA_CargoZeppelin.uasset	/Game/Blueprints/Buildings/DLC/Drones/HomeDroneDeliveryService/BP_T6CargoZeppelin.BP_T6CargoZeppelin_C
SPEAKER	DA_T6_SPEAKER	Drones	Modern	Drones	Dorones	Decoration	Infrastructure		0	0	0	False		C:\Program Files\Epic Games\Tropico6ModKit\Tropico6\Content\Blueprints\Buildings\BuildingData\Dorones\DA_T6_SPEAKER.uasset	
Fertility Bomb Factory	DA_FertilityBombBuilding	Drones	Modern	Drones	Dorones	FoodAndResources	FoodResource	SoilResources	1250	0	0	False		C:\Program Files\Epic Games\Tropico6ModKit\Tropico6\Content\Blueprints\Buildings\BuildingData\Dorones\DA_FertilityBombBuilding.uasset	/Game/Blueprints/Buildings/DLC/Drones/FertilityBombFactory/BP_FertilityBombBuilding.BP_FertilityBombBuilding_C
Battery Plant	DA_BatteryPlant	Drones	Modern	Drones	Dorones	Industry	Industry	Industrial	10500	0	0	False		C:\Program Files\Epic Games\Tropico6ModKit\Tropico6\Content\Blueprints\Buildings\BuildingData\Dorones\DA_BatteryPlant.uasset	/Game/Blueprints/Buildings/DLC/Drones/BatteryPlant/BP_T6BatteryPlant.BP_T6BatteryPlant_C
Drone Factory	DA_LogisticDroneFactory	Drones	Modern	Drones	Dorones	Industry	Industry	Industrial	15000	0	0	False		C:\Program Files\Epic Games\Tropico6ModKit\Tropico6\Content\Blueprints\Buildings\BuildingData\Dorones\DA_LogisticDroneFactory.uasset	/Game/Blueprints/Buildings/DLC/Drones/DroneFactory/BP_T6LogisticDroneFactory.BP_T6LogisticDroneFactory_C
Cargo Airport	DA_CargoAirport	Drones	Modern	Drones	Dorones	Infrastructure	Infrastructure		18000	0	0	False		C:\Program Files\Epic Games\Tropico6ModKit\Tropico6\Content\Blueprints\Buildings\BuildingData\Dorones\DA_CargoAirport.uasset	/Game/Blueprints/Buildings/DLC/Drones/CargoAirport/BP_T6CargoAirport.BP_T6CargoAirport_C
Drone Delivery Service	DA_LogisticDroneDeliveryService	Drones	Modern	Drones	Dorones	Infrastructure	Infrastructure	Industrial	1500	0	0	False		C:\Program Files\Epic Games\Tropico6ModKit\Tropico6\Content\Blueprints\Buildings\BuildingData\Dorones\DA_LogisticDroneDeliveryService.uasset	/Game/Blueprints/Buildings/DLC/Drones/DroneDeliveryService/BP_T6_LogisticDroneDeliveryService.BP_T6_LogisticDroneDeliveryService_C
Drone Taxi Service	DA_LogisticDroneTaxiService	Drones	Modern	Drones	Dorones	Infrastructure	Infrastructure		10800	0	0	False		C:\Program Files\Epic Games\Tropico6ModKit\Tropico6\Content\Blueprints\Buildings\BuildingData\Dorones\DA_LogisticDroneTaxiService.uasset	/Game/Blueprints/Buildings/DLC/Drones/DroneTaxiService/BP_T6LogisticDroneTaxiService.BP_T6LogisticDroneTaxiService_C
Aerial Information Security Central	DA_AerialInformationSecurityCentral	Drones	Modern	Drones	Dorones	MediaAndEducation	MediaEducation		9500	0	0	False		C:\Program Files\Epic Games\Tropico6ModKit\Tropico6\Content\Blueprints\Buildings\BuildingData\Dorones\DA_AerialInformationSecurityCentral.uasset	/Game/Blueprints/Buildings/DLC/Drones/AerialInformationSecurityCentral/BP_T6AerialInformationSecurityCentral.BP_T6AerialInformationSecurityCentral_C
Home Drone Delivery Service	DA_HomeDroneDeliveryService	Drones	Modern	Drones	Dorones	PublicServices	PublicService		12000	0	0	False		C:\Program Files\Epic Games\Tropico6ModKit\Tropico6\Content\Blueprints\Buildings\BuildingData\Dorones\DA_HomeDroneDeliveryService.uasset	/Game/Blueprints/Buildings/DLC/Drones/HomeDroneDeliveryService/BP_T6HomeDroneDeliveryService.BP_T6HomeDroneDeliveryService_C
Sightseeing Office	DA_SightseeingOffice	Drones	Modern	Drones	Dorones	Tourism	Tourism		5000	0	0	False		C:\Program Files\Epic Games\Tropico6ModKit\Tropico6\Content\Blueprints\Buildings\BuildingData\Dorones\DA_SightseeingOffice.uasset	/Game/Blueprints/Buildings/DLC/Drones/SightseeingOffice/BP_T6SightseeingOffice.BP_T6SightseeingOffice_C
Dance School	DA_DanceSchool	Festival	Modern	Festival	Party	Entertainment	Entertainment	Entertainment	5500	0	0	False		C:\Program Files\Epic Games\Tropico6ModKit\Tropico6\Content\Blueprints\Buildings\BuildingData\Party\DA_DanceSchool.uasset	/Game/Blueprints/Buildings/DLC/Party/Colonial/DanceSchool/BP_T6DanceSchool.BP_T6DanceSchool_C
Festival Area Cold War	DA_FestivalAreaColdWar	Festival	Modern	Festival	Party	Entertainment	Entertainment		7400	0	0	False		C:\Program Files\Epic Games\Tropico6ModKit\Tropico6\Content\Blueprints\Buildings\BuildingData\Party\DA_FestivalAreaColdWar.uasset	/Game/Blueprints/Buildings/DLC/Party/ColdWar/FestivalAreaColdWar/BP_T6FestivalAreaColdWar.BP_T6FestivalAreaColdWar_C
Festival Area Colonial	DA_FestivalAreaColonial	Festival	Modern	Festival	Party	Entertainment	Entertainment		5800	0	0	False		C:\Program Files\Epic Games\Tropico6ModKit\Tropico6\Content\Blueprints\Buildings\BuildingData\Party\DA_FestivalAreaColonial.uasset	/Game/Blueprints/Buildings/DLC/Party/Colonial/FestivalAreaColonial/BP_T6FestivalAreaColonial.BP_T6FestivalAreaColonial_C
Festival Area Modern Times	DA_FestivalAreaModernTimes	Festival	Modern	Festival	Party	Entertainment	Entertainment		9600	0	0	False		C:\Program Files\Epic Games\Tropico6ModKit\Tropico6\Content\Blueprints\Buildings\BuildingData\Party\DA_FestivalAreaModernTimes.uasset	/Game/Blueprints/Buildings/DLC/Party/ModernTimes/FestivalAreaModernTimes/BP_T6FestivalAreaModernTimes.BP_T6FestivalAreaModernTimes_C
Festival Area World War	DA_FestivalAreaWorldWar	Festival	Modern	Festival	Party	Entertainment	Entertainment		6200	0	0	False		C:\Program Files\Epic Games\Tropico6ModKit\Tropico6\Content\Blueprints\Buildings\BuildingData\Party\DA_FestivalAreaWorldWar.uasset	/Game/Blueprints/Buildings/DLC/Party/WorldWar/FestivalAreaWorldWar/BP_T6FestivalAreaWorldWar.BP_T6FestivalAreaWorldWar_C
Balloon Factory	DA_BalloonFactory	Festival	Modern	Festival	Party	Industry	Industry	Industrial	11300	0	0	False		C:\Program Files\Epic Games\Tropico6ModKit\Tropico6\Content\Blueprints\Buildings\BuildingData\Party\DA_BalloonFactory.uasset	/Game/Blueprints/Buildings/DLC/Party/WorldWar/BalloonFactory/BP_T6BalloonFactory.BP_T6BalloonFactory_C
Firework Factory	DA_FireworkFactory	Festival	Modern	Festival	Party	Industry	Industry	Industrial	10200	0	0	False		C:\Program Files\Epic Games\Tropico6ModKit\Tropico6\Content\Blueprints\Buildings\BuildingData\Party\DA_FireworkFactory.uasset	/Game/Blueprints/Buildings/DLC/Party/Colonial/FireworkFactory/BP_T6FireworkFactory.BP_T6FireworkFactory_C
Ticket Booth	DA_TicketBooth	Festival	Modern	Festival	Party	Tourism	Tourism	Tourism	8000	0	0	False		C:\Program Files\Epic Games\Tropico6ModKit\Tropico6\Content\Blueprints\Buildings\BuildingData\Party\DA_TicketBooth.uasset	/Game/Blueprints/Buildings/DLC/Party/ColdWar/TicketBooth/BP_T6TicketBooth.BP_T6TicketBooth_C
Hologram Entertainment Center	DA_T6HologramEntertainmentCenter	Future Era	Modern	Future	Future	Entertainment	Entertainment	Entertainment	9000	0	0	False		C:\Program Files\Epic Games\Tropico6ModKit\Tropico6\Content\Blueprints\Buildings\DLC\Future\HologramEntertainmentCenter\DA_T6HologramEntertainmentCenter.uasset	/Game/Blueprints/Buildings/DLC/Future/HologramEntertainmentCenter/DA_T6HologramEntertainmentCenter
Reclaimer	DA_T6Reclaimer	Future Era	Modern	Future	Future	FoodAndResources	FoodResource		8500	0	0	False		C:\Program Files\Epic Games\Tropico6ModKit\Tropico6\Content\Blueprints\Buildings\DLC\Future\Reclaimer\DA_T6Reclaimer.uasset	/Game/Blueprints/Buildings/DLC/Future/Reclaimer/DA_T6Reclaimer
Synthetic Food Lab	DA_SyntheticFoodLab	Future Era	Modern	Future	Future	FoodAndResources	FoodResource		3500	0	0	False		C:\Program Files\Epic Games\Tropico6ModKit\Tropico6\Content\Blueprints\Buildings\DLC\Future\SyntheticFoodLab\DA_SyntheticFoodLab.uasset	/Game/Blueprints/Buildings/DLC/Future/SyntheticFoodLab/DA_SyntheticFoodLab
Vertical Farm	DA_T6VerticalFarm	Future Era	Modern	Future	Future	FoodAndResources	FoodResource		4000	0	0	False		C:\Program Files\Epic Games\Tropico6ModKit\Tropico6\Content\Blueprints\Buildings\DLC\Future\VerticalFarm\DA_T6VerticalFarm.uasset	/Game/Blueprints/Buildings/DLC/Future/VerticalFarm/DA_T6VerticalFarm
Dome Housing	DA_T6DomeHousing	Future Era	Modern	Future	Future	Housing	Housing	Residential	8500	0	0	False		C:\Program Files\Epic Games\Tropico6ModKit\Tropico6\Content\Blueprints\Buildings\DLC\Future\DomeHousing\DA_T6DomeHousing.uasset	/Game/Blueprints/Buildings/DLC/Future/DomeHousing/DA_T6DomeHousing
Film Stage	DA_T6FilmStageHoax	Future Era	Modern	Future	Future	Infrastructure	Infrastructure		10000	0	0	False		C:\Program Files\Epic Games\Tropico6ModKit\Tropico6\Content\Blueprints\Buildings\DLC\Future\FilmStage\DA_T6FilmStageHoax.uasset	/Game/Blueprints/Buildings/DLC/Future/FilmStage/DA_T6FilmStageHoax
Fusion Reactor	DA_T6FusionReactor	Future Era	Modern	Future	Future	Infrastructure	Infrastructure		36000	0	0	False		C:\Program Files\Epic Games\Tropico6ModKit\Tropico6\Content\Blueprints\Buildings\DLC\Future\FusionReactor\DA_T6FusionReactor.uasset	/Game/Blueprints/Buildings/DLC/Future/FusionReactor/DA_T6FusionReactor
Cabin	DA_T6SpacePort_Cabin	Future Era	Modern	Future	Future	Military	Military		9500	0	0	False		C:\Program Files\Epic Games\Tropico6ModKit\Tropico6\Content\Blueprints\Buildings\DLC\Future\ConstructionHalls\Cabin\DA_T6SpacePort_Cabin.uasset	/Game/Blueprints/Buildings/DLC/Future/ConstructionHalls/Cabin/DA_T6SpacePort_Cabin
Cargo	DA_T6SpacePort_Cargo	Future Era	Modern	Future	Future	Military	Military		15000	0	0	False		C:\Program Files\Epic Games\Tropico6ModKit\Tropico6\Content\Blueprints\Buildings\DLC\Future\ConstructionHalls\Cargo\DA_T6SpacePort_Cargo.uasset	/Game/Blueprints/Buildings/DLC/Future/ConstructionHalls/Cargo/DA_T6SpacePort_Cargo
Engine	DA_T6SpacePort_Engine	Future Era	Modern	Future	Future	Military	Military		8000	0	0	False		C:\Program Files\Epic Games\Tropico6ModKit\Tropico6\Content\Blueprints\Buildings\DLC\Future\ConstructionHalls\Engine\DA_T6SpacePort_Engine.uasset	/Game/Blueprints/Buildings/DLC/Future/ConstructionHalls/Engine/DA_T6SpacePort_Engine
Space Port Complex	DA_T6SpacePortComplex	Future Era	Modern	Future	Future	Military	Military		55000	0	0	False		C:\Program Files\Epic Games\Tropico6ModKit\Tropico6\Content\Blueprints\Buildings\DLC\Future\SpacePortComplex\DA_T6SpacePortComplex.uasset	/Game/Blueprints/Buildings/DLC/Future/SpacePortComplex/DA_T6SpacePortComplex
Tank	DA_T6SpacePort_Tank	Future Era	Modern	Future	Future	Military	Military		9500	0	0	False		C:\Program Files\Epic Games\Tropico6ModKit\Tropico6\Content\Blueprints\Buildings\DLC\Future\ConstructionHalls\Tank\DA_T6SpacePort_Tank.uasset	/Game/Blueprints/Buildings/DLC/Future/ConstructionHalls/Tank/DA_T6SpacePort_Tank
Eternal Flame	DA_T6EternalFlame	Landmarks	Modern	Landmarks	Landmarks	Landmarks			20000	0	0	True	BuildEternalFlame	C:\Program Files\Epic Games\Tropico6ModKit\Tropico6\Content\Blueprints\Buildings\Landmarks\EternalFlame\DA_T6EternalFlame.uasset	/Game/Blueprints/Buildings/Landmarks/EternalFlame/DA_T6EternalFlame
Additional Small Parks	DA_SmallPark_08	Modern Times	Modern	Modern Times	ModernTimes	Decoration	Infrastructure		250	0	0	False		C:\Program Files\Epic Games\Tropico6ModKit\Tropico6\Content\Blueprints\Buildings\BuildingData\ModernTimes\DA_SmallPark_08.uasset	/Game/Blueprints/Buildings/DLC/Lobbyistico/AdditionalSmallParks/BP_T6SmallPark_08.BP_T6SmallPark_08_C
Additional Small Parks	DA_SmallPark_09	Modern Times	Modern	Modern Times	ModernTimes	Decoration	Infrastructure		500	0	0	False		C:\Program Files\Epic Games\Tropico6ModKit\Tropico6\Content\Blueprints\Buildings\BuildingData\ModernTimes\DA_SmallPark_09.uasset	/Game/Blueprints/Buildings/DLC/Lobbyistico/AdditionalSmallParks/BP_T6SmallPark_09.BP_T6SmallPark_09_C
El Prez Sign	DA_ElPrezSign	Modern Times	Modern	Modern Times	ModernTimes	Decoration	Infrastructure		1000	0	0	False		C:\Program Files\Epic Games\Tropico6ModKit\Tropico6\Content\Blueprints\Buildings\BuildingData\ModernTimes\DA_ElPrezSign.uasset	/Game/Blueprints/Buildings/DLC/Lobbyistico/ElPrezSign/BP_T6ElPrezSign.BP_T6ElPrezSign_C
Space Memorial	DA_SpaceMemorial	Modern Times	Modern	Modern Times	ModernTimes	Decoration	Infrastructure		1250	0	0	False	BuildSpaceMemorial	C:\Program Files\Epic Games\Tropico6ModKit\Tropico6\Content\Blueprints\Buildings\BuildingData\ModernTimes\DA_SpaceMemorial.uasset	/Game/Blueprints/Buildings/ColdWar/SpaceMemorial/BP_T6SpaceMemorial.BP_T6SpaceMemorial_C
Aqua Park	DA_AquaPark	Modern Times	Modern	Modern Times	ModernTimes	Entertainment	Entertainment	Entertainment	9000	0	0	False	BuildAquaPark	C:\Program Files\Epic Games\Tropico6ModKit\Tropico6\Content\Blueprints\Buildings\BuildingData\ModernTimes\DA_AquaPark.uasset	/Game/Blueprints/Buildings/ModernTimes/AquaPark/BP_T6AquaPark.BP_T6AquaPark_C
Rollercoaster	DA_Rollercoaster	Modern Times	Modern	Modern Times	ModernTimes	Entertainment	Entertainment	Entertainment	9400	0	0	False	BuildRollercoaster	C:\Program Files\Epic Games\Tropico6ModKit\Tropico6\Content\Blueprints\Buildings\BuildingData\ModernTimes\DA_Rollercoaster.uasset	/Game/Blueprints/Buildings/ModernTimes/Rollercoaster/BP_T6Rollercoaster.BP_T6Rollercoaster_C
Stadium	DA_T6Stadium	Modern Times	Modern	Modern Times	ModernTimes	Entertainment	Entertainment	Entertainment	21000	0	0	False	BuildStadium	C:\Program Files\Epic Games\Tropico6ModKit\Tropico6\Content\Blueprints\Buildings\BuildingData\ModernTimes\DA_T6Stadium.uasset	/Game/Blueprints/Buildings/ModernTimes/Stadium/BP_T6Stadium.BP_T6Stadium_C
Automated Mine	DA_T6AutomatedMine	Modern Times	Modern	Modern Times	ModernTimes	FoodAndResources	FoodResource	SoilResources	9000	0	0	False	BuildAutomatedMine	C:\Program Files\Epic Games\Tropico6ModKit\Tropico6\Content\Blueprints\Buildings\BuildingData\ModernTimes\DA_T6AutomatedMine.uasset	/Game/Blueprints/Buildings/ModernTimes/AutomatedMine/BP_T6AutomatedMine.BP_T6AutomatedMine_C
Factory Ranch	DA_FactoryRanch	Modern Times	Modern	Modern Times	ModernTimes	FoodAndResources	FoodResource		5000	0	0	False	BuildFactoryRanch	C:\Program Files\Epic Games\Tropico6ModKit\Tropico6\Content\Blueprints\Buildings\BuildingData\ModernTimes\DA_FactoryRanch.uasset	/Game/Blueprints/Buildings/ModernTimes/FactoryRanch/BP_T6FactoryRanch.BP_T6FactoryRanch_C
Hydroponic Plantation	DA_T6HydroponicPlantation	Modern Times	Modern	Modern Times	ModernTimes	FoodAndResources	FoodResource		4000	0	0	False	BuildHydroponicPlantation	C:\Program Files\Epic Games\Tropico6ModKit\Tropico6\Content\Blueprints\Buildings\BuildingData\ModernTimes\DA_T6HydroponicPlantation.uasset	/Game/Blueprints/Buildings/ModernTimes/HydroponicPlantation/BP_T6HydroponicPlantation.BP_T6HydroponicPlantation_C
Llama Coin Farm	DA_T6LlamaCoinFarm	Modern Times	Modern	Modern Times	ModernTimes	Government	GovernmentFinance		20000	0	0	False	BuildLlamaCoinFarm	C:\Program Files\Epic Games\Tropico6ModKit\Tropico6\Content\Blueprints\Buildings\ModernTimes\LlamaCoinFarm\DA_T6LlamaCoinFarm.uasset	/Game/Blueprints/Buildings/ModernTimes/LlamaCoinFarm/DA_T6LlamaCoinFarm
Office	DA_T6Office	Modern Times	Modern	Modern Times	ModernTimes	Government	GovernmentFinance	Govermental	9000	0	0	False	BuildOffice	C:\Program Files\Epic Games\Tropico6ModKit\Tropico6\Content\Blueprints\Buildings\BuildingData\ModernTimes\DA_T6Office.uasset	/Game/Blueprints/Buildings/ModernTimes/Office/BP_T6Office.BP_T6Office_C
Offshore Office	DA_T6OffshoreOffice	Modern Times	Modern	Modern Times	ModernTimes	Government	GovernmentFinance	Govermental	12000	0	0	False	BuildOffshoreOffice	C:\Program Files\Epic Games\Tropico6ModKit\Tropico6\Content\Blueprints\Buildings\BuildingData\ModernTimes\DA_T6OffshoreOffice.uasset	/Game/Blueprints/Buildings/ModernTimes/OffshoreOffice/BP_T6OffshoreOffice.BP_T6OffshoreOffice_C
Police Blimp	DA_PoliceBlimp	Modern Times	Modern	Modern Times	ModernTimes	Government	GovernmentFinance		14000	0	0	False	BuildPoliceBlimp	C:\Program Files\Epic Games\Tropico6ModKit\Tropico6\Content\Blueprints\Buildings\BuildingData\ModernTimes\DA_PoliceBlimp.uasset	/Game/Blueprints/Buildings/ModernTimes/PoliceBlimp/BP_T6PoliceBlimp.BP_T6PoliceBlimp_C
Police Blimp Mobile	DA_PoliceBlimpMobile	Modern Times	Modern	Modern Times	ModernTimes	Government	GovernmentFinance		0	0	0	False		C:\Program Files\Epic Games\Tropico6ModKit\Tropico6\Content\Blueprints\Buildings\BuildingData\ModernTimes\DA_PoliceBlimpMobile.uasset	/Game/Blueprints/Buildings/ModernTimes/PoliceBlimpMobile/BP_T6PoliceBlimpMobile.BP_T6PoliceBlimpMobile_C
Modern Apartment	DA_ModernApartment	Modern Times	Modern	Modern Times	ModernTimes	Housing	Housing	Residential	8650	0	0	False	BuildModernApartment	C:\Program Files\Epic Games\Tropico6ModKit\Tropico6\Content\Blueprints\Buildings\BuildingData\ModernTimes\DA_ModernApartment.uasset	/Game/Blueprints/Buildings/ModernTimes/ModernApartment/BP_T6ModernApartment.BP_T6ModernApartment_C
Modern Mansion	DA_T6ModernMansion	Modern Times	Modern	Modern Times	ModernTimes	Housing	Housing	Residential	2050	0	0	False	BuildModernMansion	C:\Program Files\Epic Games\Tropico6ModKit\Tropico6\Content\Blueprints\Buildings\BuildingData\ModernTimes\DA_T6ModernMansion.uasset	/Game/Blueprints/Buildings/ModernTimes/ModernMansion/BP_T6ModernMansion.BP_T6ModernMansion_C
Electronics Factory	DA_ElectronicsFactory	Modern Times	Modern	Modern Times	ModernTimes	Industry	Industry	Industrial	25000	0	0	False	BuildElectronicsFactory	C:\Program Files\Epic Games\Tropico6ModKit\Tropico6\Content\Blueprints\Buildings\BuildingData\ModernTimes\DA_ElectronicsFactory.uasset	/Game/Blueprints/Buildings/ModernTimes/ElectronicsFactory/BP_T6ElectronicsFactory.BP_T6ElectronicsFactory_C
Fashion Company	DA_FashionFactory	Modern Times	Modern	Modern Times	ModernTimes	Industry	Industry	Industrial	18000	0	0	False	BuildFashionCompany	C:\Program Files\Epic Games\Tropico6ModKit\Tropico6\Content\Blueprints\Buildings\BuildingData\ModernTimes\DA_FashionFactory.uasset	/Game/Blueprints/Buildings/ModernTimes/FashionCompany/BP_T6FashionFactory.BP_T6FashionFactory_C
Juicery	DA_Juicery	Modern Times	Modern	Modern Times	ModernTimes	Industry	Industry	Industrial	12000	0	0	False	BuildJuicery	C:\Program Files\Epic Games\Tropico6ModKit\Tropico6\Content\Blueprints\Buildings\BuildingData\ModernTimes\DA_Juicery.uasset	/Game/Blueprints/Buildings/ModernTimes/Juicery/BP_T6Juicery.BP_T6Juicery_C
Pharmaceutical Company	DA_PharmaceuticalCompany	Modern Times	Modern	Modern Times	ModernTimes	Industry	Industry	Industrial	28000	0	0	False	BuildPharmaceuticalCompany	C:\Program Files\Epic Games\Tropico6ModKit\Tropico6\Content\Blueprints\Buildings\BuildingData\ModernTimes\DA_PharmaceuticalCompany.uasset	/Game/Blueprints/Buildings/ModernTimes/PharmaceuticalCompany/BP_T6PharmaceuticalCompany.BP_T6PharmaceuticalCompany_C
Smart Furniture Studio	DA_SmartFurnitureStudio_Building	Modern Times	Modern	Modern Times	ModernTimes	Industry	Industry	Industrial	25000	0	0	False		C:\Program Files\Epic Games\Tropico6ModKit\Tropico6\Content\Blueprints\Buildings\BuildingData\ModernTimes\DA_SmartFurnitureStudio_Building.uasset	/Game/Blueprints/Buildings/DLC/LlamaOfWallStreet/ModernTimes/SmartFurnitureStudio/BP_T6SmartFurnitureStudio_Building.BP_T6SmartFurnitureStudio_Building_C
Offshore Wind Turbine	DA_OffshoreWindTurbine	Modern Times	Modern	Modern Times	ModernTimes	Infrastructure	Infrastructure		9500	0	0	False	BuildOffshoreWindTurbine	C:\Program Files\Epic Games\Tropico6ModKit\Tropico6\Content\Blueprints\Buildings\BuildingData\ModernTimes\DA_OffshoreWindTurbine.uasset	/Game/Blueprints/Buildings/ModernTimes/OffshoreWindTurbine/BP_T6OffshoreWindTurbine.BP_T6OffshoreWindTurbine_C
Solar Power Plant	DA_SolarPowerPlant	Modern Times	Modern	Modern Times	ModernTimes	Infrastructure	Infrastructure		18000	0	0	False	BuildSolarPowerPlant	C:\Program Files\Epic Games\Tropico6ModKit\Tropico6\Content\Blueprints\Buildings\BuildingData\ModernTimes\DA_SolarPowerPlant.uasset	/Game/Blueprints/Buildings/ModernTimes/SolarPowerPlant/BP_T6SolarPowerPlant.BP_T6SolarPowerPlant_C
Teleferic Station	DA_TelefericStation	Modern Times	Modern	Modern Times	ModernTimes	Infrastructure	Infrastructure		4500	0	0	False	BuildTelefericStation	C:\Program Files\Epic Games\Tropico6ModKit\Tropico6\Content\Blueprints\Buildings\BuildingData\ModernTimes\DA_TelefericStation.uasset	/Game/Blueprints/Buildings/ModernTimes/TelefericStation/BP_T6TelefericStation.BP_T6TelefericStation_C
Wind Farm	DA_WindFarm	Modern Times	Modern	Modern Times	ModernTimes	Infrastructure	Infrastructure		2500	0	0	False	BuildWindTurbine	C:\Program Files\Epic Games\Tropico6ModKit\Tropico6\Content\Blueprints\Buildings\BuildingData\ModernTimes\DA_WindFarm.uasset	/Game/Blueprints/Buildings/ModernTimes/WindFarm/BP_T6WindFarm.BP_T6WindFarm_C
Moonlander	DA_Moonlander	Modern Times	Modern	Modern Times	ModernTimes	Landmarks			15000	0	0	True	BuildMoonlander	C:\Program Files\Epic Games\Tropico6ModKit\Tropico6\Content\Blueprints\Buildings\BuildingData\ModernTimes\DA_Moonlander.uasset	/Game/Blueprints/Buildings/Landmarks/Moonlander/BP_T6Moonlander.BP_T6Moonlander_C
Neuschwanstein Castle	DA_T6NeuschwansteinCastle	Modern Times	Modern	Modern Times	ModernTimes	Landmarks			20000	0	0	True	BuildNeuschwansteinCastle	C:\Program Files\Epic Games\Tropico6ModKit\Tropico6\Content\Blueprints\Buildings\BuildingData\ModernTimes\DA_T6NeuschwansteinCastle.uasset	/Game/Blueprints/Buildings/Landmarks/NeuschwansteinCastle/BP_T6NeuschwansteinCastle.BP_T6NeuschwansteinCastle_C
Temple Of Heaven	DA_TempleOfHeaven	Modern Times	Modern	Modern Times	ModernTimes	Landmarks			20000	0	0	True	BuildTempleOfHeaven	C:\Program Files\Epic Games\Tropico6ModKit\Tropico6\Content\Blueprints\Buildings\BuildingData\ModernTimes\DA_TempleOfHeaven.uasset	/Game/Blueprints/Buildings/Landmarks/TempleOfHeaven/BP_T6TempleOfHeaven.BP_T6TempleOfHeaven_C
The Great Pyramid At Giza	DA_T6TheGreatPyramidAtGiza	Modern Times	Modern	Modern Times	ModernTimes	Landmarks			20000	0	0	True	BuildTheGreatPyramidOfGiza	C:\Program Files\Epic Games\Tropico6ModKit\Tropico6\Content\Blueprints\Buildings\BuildingData\ModernTimes\DA_T6TheGreatPyramidAtGiza.uasset	/Game/Blueprints/Buildings/Landmarks/TheGreatPyramidAtGiza/BP_T6TheGreatPyramidAtGiza.BP_T6TheGreatPyramidAtGiza_C
White House	DA_WhiteHouse	Modern Times	Modern	Modern Times	ModernTimes	Landmarks			20000	0	0	True	BuildWhiteHouse	C:\Program Files\Epic Games\Tropico6ModKit\Tropico6\Content\Blueprints\Buildings\BuildingData\ModernTimes\DA_WhiteHouse.uasset	/Game/Blueprints/Buildings/Landmarks/WhiteHouse/BP_T6WhiteHouse.BP_T6WhiteHouse_C
Winter Palace	DA_WinterPalace	Modern Times	Modern	Modern Times	ModernTimes	Landmarks			25000	0	0	True	BuildWinterPalace	C:\Program Files\Epic Games\Tropico6ModKit\Tropico6\Content\Blueprints\Buildings\BuildingData\ModernTimes\DA_WinterPalace.uasset	/Game/Blueprints/Buildings/Landmarks/WinterPalace/BP_T6WinterPalace.BP_T6WinterPalace_C
Beach Resort	DA_BeachResort	Modern Times	Modern	Modern Times	ModernTimes	LuxuryEntertainment	LuxuryEntertainment	Entertainment	5000	0	0	False	BuildBeachResort	C:\Program Files\Epic Games\Tropico6ModKit\Tropico6\Content\Blueprints\Buildings\BuildingData\ModernTimes\DA_BeachResort.uasset	/Game/Blueprints/Buildings/ModernTimes/BeachResort/BP_T6BeachResort.BP_T6BeachResort_C
Hang Gliding	DA_T6HangGlider	Modern Times	Modern	Modern Times	ModernTimes	LuxuryEntertainment	LuxuryEntertainment	Entertainment	4000	0	0	False	BuildHangGliding	C:\Program Files\Epic Games\Tropico6ModKit\Tropico6\Content\Blueprints\Buildings\BuildingData\ModernTimes\DA_T6HangGlider.uasset	/Game/Blueprints/Buildings/ModernTimes/HangGliding/BP_T6HangGlider.BP_T6HangGlider_C
Museum Of Modern Art	DA_MuseumOfModernArt	Modern Times	Modern	Modern Times	ModernTimes	LuxuryEntertainment	LuxuryEntertainment	Entertainment	17500	0	0	False	BuildMuseumOfModernArt	C:\Program Files\Epic Games\Tropico6ModKit\Tropico6\Content\Blueprints\Buildings\BuildingData\ModernTimes\DA_MuseumOfModernArt.uasset	/Game/Blueprints/Buildings/ModernTimes/MuseumOfModernArt/BP_T6MuseumOfModernArt.BP_T6MuseumOfModernArt_C
Yacht Club	DA_T6YachtClub	Modern Times	Modern	Modern Times	ModernTimes	LuxuryEntertainment	LuxuryEntertainment	Entertainment	11800	0	0	False	BuildYachtClub	C:\Program Files\Epic Games\Tropico6ModKit\Tropico6\Content\Blueprints\Buildings\BuildingData\ModernTimes\DA_T6YachtClub.uasset	/Game/Blueprints/Buildings/ModernTimes/YachtClub/BP_T6YachtClub.BP_T6YachtClub_C
Cyber Operations Center	DA_T6CyberOperationCenter	Modern Times	Modern	Modern Times	ModernTimes	Military	Military	Raid	18000	0	0	False	BuildCyberOperationsCenter	C:\Program Files\Epic Games\Tropico6ModKit\Tropico6\Content\Blueprints\Buildings\BuildingData\ModernTimes\DA_T6CyberOperationCenter.uasset	/Game/Blueprints/Buildings/ModernTimes/CyberOperationsCenter/BP_T6CyberOperationCenter.BP_T6CyberOperationCenter_C
DefenseHQ	DA_DefenseHQ	Modern Times	Modern	Modern Times	ModernTimes	Military	Military	Military	20000	0	0	False	BuildDefenseHQ	C:\Program Files\Epic Games\Tropico6ModKit\Tropico6\Content\Blueprints\Buildings\BuildingData\ModernTimes\DA_DefenseHQ.uasset	/Game/Blueprints/Buildings/ModernTimes/DefenseHQ/BP_T6DefenseHQ.BP_T6DefenseHQ_C
Drone Command	DA_DroneCommand	Modern Times	Modern	Modern Times	ModernTimes	Military	Military	Military	12000	0	0	False	BuildDroneCommand	C:\Program Files\Epic Games\Tropico6ModKit\Tropico6\Content\Blueprints\Buildings\BuildingData\ModernTimes\DA_DroneCommand.uasset	/Game/Blueprints/Buildings/ModernTimes/DroneCommand/BP_T6DroneCommand.BP_T6DroneCommand_C
Watchtower Modern	DA_WatchtowerModern	Modern Times	Modern	Modern Times	ModernTimes	Military	Military	Military	900	0	0	False	BuildWatchtowerModern	C:\Program Files\Epic Games\Tropico6ModKit\Tropico6\Content\Blueprints\Buildings\BuildingData\ModernTimes\DA_WatchtowerModern.uasset	/Game/Blueprints/Buildings/ModernTimes/WatchtowerModern/BP_T6WatchtowerModern.BP_T6WatchtowerModern_C
Beauty Farm	DA_BeautyFarm	Modern Times	Modern	Modern Times	ModernTimes	PublicServices	PublicService	Celebrity	9000	0	0	False		C:\Program Files\Epic Games\Tropico6ModKit\Tropico6\Content\Blueprints\Buildings\BuildingData\ModernTimes\DA_BeautyFarm.uasset	/Game/Blueprints/Buildings/DLC/Spitter/ModernTimes/BeautyFarm/BP_T6BeautyFarm.BP_T6BeautyFarm_C
Rehab Center	DA_RehabCenter	Modern Times	Modern	Modern Times	ModernTimes	PublicServices	PublicService	Celebrity	8500	0	0	False		C:\Program Files\Epic Games\Tropico6ModKit\Tropico6\Content\Blueprints\Buildings\BuildingData\ModernTimes\DA_RehabCenter.uasset	/Game/Blueprints/Buildings/DLC/Spitter/ModernTimes/RehabCenter/BP_T6RehabCenter.BP_T6RehabCenter_C
Shopping Mall	DA_T6ShoppingMall	Modern Times	Modern	Modern Times	ModernTimes	PublicServices	PublicService		7250	0	0	False	BuildShoppingMall	C:\Program Files\Epic Games\Tropico6ModKit\Tropico6\Content\Blueprints\Buildings\BuildingData\ModernTimes\DA_T6ShoppingMall.uasset	/Game/Blueprints/Buildings/ModernTimes/ShoppingMall/BP_T6ShoppingMall.BP_T6ShoppingMall_C
Waste Treatment Facility	DA_T6WasteTreatmentFacility	Modern Times	Modern	Modern Times	ModernTimes	PublicServices	PublicService		8000	0	0	False	BuildWasteTreatmentFacility	C:\Program Files\Epic Games\Tropico6ModKit\Tropico6\Content\Blueprints\Buildings\BuildingData\ModernTimes\DA_T6WasteTreatmentFacility.uasset	/Game/Blueprints/Buildings/ModernTimes/WasteTreatmentFacility/BP_T6WasteTreatmentFacility.BP_T6WasteTreatmentFacility_C
Airport	DA_T6Airport	Modern Times	Modern	Modern Times	ModernTimes	Tourism	Tourism		18000	0	0	False	BuildAirport	C:\Program Files\Epic Games\Tropico6ModKit\Tropico6\Content\Blueprints\Buildings\BuildingData\ModernTimes\DA_T6Airport.uasset	/Game/Blueprints/Buildings/ModernTimes/Airport/BP_T6Airport.BP_T6Airport_C
Cruise Ship	DA_T6CruiseShip	Modern Times	Modern	Modern Times	ModernTimes	Tourism	Tourism	Tourism	15000	0	0	False	BuildCruiseShip	C:\Program Files\Epic Games\Tropico6ModKit\Tropico6\Content\Blueprints\Buildings\BuildingData\ModernTimes\DA_T6CruiseShip.uasset	/Game/Blueprints/Buildings/ModernTimes/CruiseShip/BP_T6CruiseShip.BP_T6CruiseShip_C
Economy Hotel	DA_EconomyHotel	Modern Times	Modern	Modern Times	ModernTimes	Tourism	Tourism	Tourism	6250	0	0	False	BuildEconomyHotel	C:\Program Files\Epic Games\Tropico6ModKit\Tropico6\Content\Blueprints\Buildings\BuildingData\ModernTimes\DA_EconomyHotel.uasset	/Game/Blueprints/Buildings/ModernTimes/EconomyHotel/BP_T6EconomyHotel.BP_T6EconomyHotel_C
Family Resort	DA_FamilyResort	Modern Times	Modern	Modern Times	ModernTimes	Tourism	Tourism	Tourism	3350	0	0	False	BuildFamilyResort	C:\Program Files\Epic Games\Tropico6ModKit\Tropico6\Content\Blueprints\Buildings\BuildingData\ModernTimes\DA_FamilyResort.uasset	/Game/Blueprints/Buildings/ModernTimes/FamilyResort/BP_T6FamilyResort.BP_T6FamilyResort_C
Luxury Hotel	DA_T6LuxuryHotel	Modern Times	Modern	Modern Times	ModernTimes	Tourism	Tourism	Tourism	12000	0	0	False	BuildLuxuryHotel	C:\Program Files\Epic Games\Tropico6ModKit\Tropico6\Content\Blueprints\Buildings\BuildingData\ModernTimes\DA_T6LuxuryHotel.uasset	/Game/Blueprints/Buildings/ModernTimes/LuxuryHotel/BP_T6LuxuryHotel.BP_T6LuxuryHotel_C
Skyscaper Hotel	DA_SkyscaperHotel	Modern Times	Modern	Modern Times	ModernTimes	Tourism	Tourism	Tourism	7050	0	0	False	BuildSkyscraperHotel	C:\Program Files\Epic Games\Tropico6ModKit\Tropico6\Content\Blueprints\Buildings\BuildingData\ModernTimes\DA_SkyscaperHotel.uasset	/Game/Blueprints/Buildings/ModernTimes/SkyscaperHotel/BP_T6SkyscaperHotel.BP_T6SkyscaperHotel_C
Super Villa	DA_SuperVilla	Modern Times	Modern	Modern Times	ModernTimes	Tourism	Tourism	Residential	4000	0	0	False		C:\Program Files\Epic Games\Tropico6ModKit\Tropico6\Content\Blueprints\Buildings\BuildingData\ModernTimes\DA_SuperVilla.uasset	/Game/Blueprints/Buildings/DLC/Spitter/ModernTimes/SuperVilla/BP_T6SuperVilla.BP_T6SuperVilla_C
Planter Box	DA_T6PlanterBox	Nature	Modern	Nature	Nature	Decoration	Infrastructure		0	0	0	False		C:\Program Files\Epic Games\Tropico6ModKit\Tropico6\Content\Blueprints\Buildings\DLC\Nature\CustomPark\PlanterBox\DA_T6PlanterBox.uasset	/Game/Blueprints/Buildings/DLC/Nature/CustomPark/PlanterBox/DA_T6PlanterBox
Climbing Park	DA_T6ClimbingPark	Nature	Modern	Nature	Nature	Entertainment	Entertainment	Entertainment	3500	0	0	False		C:\Program Files\Epic Games\Tropico6ModKit\Tropico6\Content\Blueprints\Buildings\DLC\Nature\ClimbingPark\DA_T6ClimbingPark.uasset	/Game/Blueprints/Buildings/DLC/Nature/ClimbingPark/DA_T6ClimbingPark
Custom Park	DA_CustomPark	Nature	Modern	Nature	Nature	Entertainment	Entertainment		0	50	50	False		C:\Program Files\Epic Games\Tropico6ModKit\Tropico6\Content\Blueprints\Buildings\DLC\Nature\CustomPark\DA_CustomPark.uasset	/Game/Blueprints/Buildings/DLC/Nature/CustomPark/DA_CustomPark
Beekeeper	DA_T6Beekeeper	Nature	Modern	Nature	Nature	FoodAndResources	FoodResource		950	0	0	False		C:\Program Files\Epic Games\Tropico6ModKit\Tropico6\Content\Blueprints\Buildings\DLC\Nature\Beekeeper\DA_T6Beekeeper.uasset	/Game/Blueprints/Buildings/DLC/Nature/Beekeeper/DA_T6Beekeeper
Eco Apartment	DA_EcoApartment	Nature	Modern	Nature	Nature	Housing	Housing	Residential	6000	0	0	False		C:\Program Files\Epic Games\Tropico6ModKit\Tropico6\Content\Blueprints\Buildings\DLC\Nature\EcoApartment\DA_EcoApartment.uasset	/Game/Blueprints/Buildings/DLC/Nature/EcoApartment/DA_EcoApartment
Tree House	DA_T6TreeHouse	Nature	Modern	Nature	Nature	Housing	Housing	Residential	1100	0	0	False		C:\Program Files\Epic Games\Tropico6ModKit\Tropico6\Content\Blueprints\Buildings\DLC\Nature\TreeHouse\DA_T6TreeHouse.uasset	/Game/Blueprints/Buildings/DLC/Nature/TreeHouse/DA_T6TreeHouse
Charcoal Burner	DA_T6CharcoalBurner	Nature	Modern	Nature	Nature	Industry	Industry		5000	0	0	False		C:\Program Files\Epic Games\Tropico6ModKit\Tropico6\Content\Blueprints\Buildings\DLC\Nature\CharcoalBurner\DA_T6CharcoalBurner.uasset	/Game/Blueprints/Buildings/DLC/Nature/CharcoalBurner/DA_T6CharcoalBurner
Paper Mill	DA_PaperMill	Nature	Modern	Nature	Nature	Industry	Industry	Industrial	6500	0	0	False		C:\Program Files\Epic Games\Tropico6ModKit\Tropico6\Content\Blueprints\Buildings\DLC\Nature\PaperMill\DA_PaperMill.uasset	/Game/Blueprints/Buildings/DLC/Nature/PaperMill/DA_PaperMill
Printing House	DA_PrintingHouse	Nature	Modern	Nature	Nature	Industry	Industry	Industrial	8500	0	0	False		C:\Program Files\Epic Games\Tropico6ModKit\Tropico6\Content\Blueprints\Buildings\DLC\Nature\PrintingHouse\DA_PrintingHouse.uasset	/Game/Blueprints/Buildings/DLC/Nature/PrintingHouse/DA_PrintingHouse
World Tree	DA_WorldTree	Nature	Modern	Nature	Nature	Landmarks			10000	0	0	True		C:\Program Files\Epic Games\Tropico6ModKit\Tropico6\Content\Blueprints\Buildings\DLC\Nature\WorldTree\DA_WorldTree.uasset	/Game/Blueprints/Buildings/DLC/Nature/WorldTree/DA_WorldTree
Forest School	DA_ForestSchool	Nature	Modern	Nature	Nature	MediaAndEducation	MediaEducation	Educational	7500	0	0	False		C:\Program Files\Epic Games\Tropico6ModKit\Tropico6\Content\Blueprints\Buildings\DLC\Nature\ForestSchool\DA_ForestSchool.uasset	/Game/Blueprints/Buildings/DLC/Nature/ForestSchool/DA_ForestSchool
Food Stall	DA_FoodStall	Nature	Modern	Nature	Nature	PublicServices	PublicService		600	0	0	False		C:\Program Files\Epic Games\Tropico6ModKit\Tropico6\Content\Blueprints\Buildings\DLC\Nature\FoodStall\DA_FoodStall.uasset	/Game/Blueprints/Buildings/DLC/Nature/FoodStall/DA_FoodStall
Herbalist	DA_T6Herbalist	Nature	Modern	Nature	Nature	PublicServices	PublicService	Healthcare	1500	0	0	False		C:\Program Files\Epic Games\Tropico6ModKit\Tropico6\Content\Blueprints\Buildings\DLC\Nature\Herbalist\DA_T6Herbalist.uasset	/Game/Blueprints/Buildings/DLC/Nature/Herbalist/DA_T6Herbalist
Magazine Stand	DA_MagazineStand	Nature	Modern	Nature	Nature	PublicServices	PublicService	Media	600	0	0	False		C:\Program Files\Epic Games\Tropico6ModKit\Tropico6\Content\Blueprints\Buildings\DLC\Nature\MagazineStand\DA_MagazineStand.uasset	/Game/Blueprints/Buildings/DLC/Nature/MagazineStand/DA_MagazineStand
Outdoor Gym	DA_OutdoorGym	Nature	Modern	Nature	Nature	PublicServices	PublicService	Healthcare	950	0	0	False		C:\Program Files\Epic Games\Tropico6ModKit\Tropico6\Content\Blueprints\Buildings\DLC\Nature\OutdoorGym\DA_OutdoorGym.uasset	/Game/Blueprints/Buildings/DLC/Nature/OutdoorGym/DA_OutdoorGym
Wayside Shrine	DA_WaysideShrine	Nature	Modern	Nature	Nature	PublicServices	PublicService	Religious	950	0	0	False		C:\Program Files\Epic Games\Tropico6ModKit\Tropico6\Content\Blueprints\Buildings\DLC\Nature\WaysideShrine\DA_WaysideShrine.uasset	/Game/Blueprints/Buildings/DLC/Nature/WaysideShrine/DA_WaysideShrine
Campsite	DA_Campsite	Nature	Modern	Nature	Nature	Tourism	Tourism	Tourism	2000	0	0	False		C:\Program Files\Epic Games\Tropico6ModKit\Tropico6\Content\Blueprints\Buildings\DLC\Nature\Campsite\DA_Campsite.uasset	/Game/Blueprints/Buildings/DLC/Nature/Campsite/DA_Campsite
Floating Restaurant	DA_T6FloatingRestaurant	Waterborne	Modern	Waterborne	Waterborne	Entertainment	Entertainment	Entertainment	3800	0	0	False		C:\Program Files\Epic Games\Tropico6ModKit\Tropico6\Content\Blueprints\Buildings\DLC\Waterborne\FloatingRestaurant\DA_T6FloatingRestaurant.uasset	/Game/Blueprints/Buildings/DLC/Waterborne/FloatingRestaurant/DA_T6FloatingRestaurant
Tourist Submarine	DA_TouristSubmarine	Waterborne	Modern	Waterborne	Waterborne	Entertainment	Entertainment	Entertainment	5500	0	0	False		C:\Program Files\Epic Games\Tropico6ModKit\Tropico6\Content\Blueprints\Buildings\DLC\Waterborne\TouristSubmarine\DA_TouristSubmarine.uasset	/Game/Blueprints/Buildings/DLC/Waterborne/TouristSubmarine/DA_TouristSubmarine
Pearl Divers	DA_PearlDivers	Waterborne	Modern	Waterborne	Waterborne	FoodAndResources	FoodResource		1000	0	0	False		C:\Program Files\Epic Games\Tropico6ModKit\Tropico6\Content\Blueprints\Buildings\DLC\Waterborne\PearlDivers\DA_PearlDivers.uasset	/Game/Blueprints/Buildings/DLC/Waterborne/PearlDivers/DA_PearlDivers
Floating Mansion	DA_T6FloatingMansion	Waterborne	Modern	Waterborne	Waterborne	Housing	Housing	Residential	2000	0	0	False		C:\Program Files\Epic Games\Tropico6ModKit\Tropico6\Content\Blueprints\Buildings\DLC\Waterborne\FloatingMansion\DA_T6FloatingMansion.uasset	/Game/Blueprints/Buildings/DLC/Waterborne/FloatingMansion/DA_T6FloatingMansion
Floating Neighborhood	DA_T6FloatingNeighborhood	Waterborne	Modern	Waterborne	Waterborne	Housing	Housing	Residential	4000	0	0	False		C:\Program Files\Epic Games\Tropico6ModKit\Tropico6\Content\Blueprints\Buildings\DLC\Waterborne\FloatingNeighborhood\DA_T6FloatingNeighborhood.uasset	/Game/Blueprints/Buildings/DLC/Waterborne/FloatingNeighborhood/DA_T6FloatingNeighborhood
Residential Boat	DA_T6ResidentialBoat	Waterborne	Modern	Waterborne	Waterborne	Housing	Housing	Residential	1300	0	0	False		C:\Program Files\Epic Games\Tropico6ModKit\Tropico6\Content\Blueprints\Buildings\DLC\Waterborne\ResidentialBoat\DA_T6ResidentialBoat.uasset	/Game/Blueprints/Buildings/DLC/Waterborne/ResidentialBoat/DA_T6ResidentialBoat
El Prez Yacht Shipyard	DA_ElPrezYachtShipyard	Waterborne	Modern	Waterborne	Waterborne	Industry	Industry	Industrial	25000	0	0	False		C:\Program Files\Epic Games\Tropico6ModKit\Tropico6\Content\Blueprints\Buildings\DLC\Waterborne\ElPrezYachtShipyard\DA_ElPrezYachtShipyard.uasset	/Game/Blueprints/Buildings/DLC/Waterborne/ElPrezYachtShipyard/DA_ElPrezYachtShipyard
Artificial Coral Reef	DA_ArtificialCoralReef	Waterborne	Modern	Waterborne	Waterborne	Infrastructure	Infrastructure		5000	0	0	False		C:\Program Files\Epic Games\Tropico6ModKit\Tropico6\Content\Blueprints\Buildings\DLC\Waterborne\ArtificialCoralReef\DA_ArtificialCoralReef.uasset	/Game/Blueprints/Buildings/DLC/Waterborne/ArtificialCoralReef/DA_ArtificialCoralReef
Lighthouse	DA_Lighthouse	Waterborne	Modern	Waterborne	Waterborne	Infrastructure	Infrastructure		6000	0	0	False		C:\Program Files\Epic Games\Tropico6ModKit\Tropico6\Content\Blueprints\Buildings\DLC\Waterborne\Lighthouse\DA_Lighthouse.uasset	/Game/Blueprints/Buildings/DLC/Waterborne/Lighthouse/DA_Lighthouse
Tidal Power Station	DA_T6TidalPowerStation	Waterborne	Modern	Waterborne	Waterborne	Infrastructure	Infrastructure		14000	0	0	False		C:\Program Files\Epic Games\Tropico6ModKit\Tropico6\Content\Blueprints\Buildings\DLC\Waterborne\TidalPowerStation\DA_T6TidalPowerStation.uasset	/Game/Blueprints/Buildings/DLC/Waterborne/TidalPowerStation/DA_T6TidalPowerStation
Golden	DA_ElPrezYacht_Golden	Waterborne	Modern	Waterborne	Waterborne	LuxuryEntertainment	LuxuryEntertainment	Entertainment	0	0	0	False		C:\Program Files\Epic Games\Tropico6ModKit\Tropico6\Content\Blueprints\Buildings\DLC\Waterborne\ElPrezYachtShipyard\ElPrezYacht\Golden\DA_ElPrezYacht_Golden.uasset	/Game/Blueprints/Buildings/DLC/Waterborne/ElPrezYachtShipyard/ElPrezYacht/Golden/DA_ElPrezYacht_Golden
Island	DA_ElPrezYacht_Island	Waterborne	Modern	Waterborne	Waterborne	LuxuryEntertainment	LuxuryEntertainment	Entertainment	0	0	0	False		C:\Program Files\Epic Games\Tropico6ModKit\Tropico6\Content\Blueprints\Buildings\DLC\Waterborne\ElPrezYachtShipyard\ElPrezYacht\Island\DA_ElPrezYacht_Island.uasset	/Game/Blueprints/Buildings/DLC/Waterborne/ElPrezYachtShipyard/ElPrezYacht/Island/DA_ElPrezYacht_Island
Tropitanic	DA_ElPrezYacht_Tropitanic	Waterborne	Modern	Waterborne	Waterborne	LuxuryEntertainment	LuxuryEntertainment	Entertainment	0	0	0	False		C:\Program Files\Epic Games\Tropico6ModKit\Tropico6\Content\Blueprints\Buildings\DLC\Waterborne\ElPrezYachtShipyard\ElPrezYacht\Tropitanic\DA_ElPrezYacht_Tropitanic.uasset	/Game/Blueprints/Buildings/DLC/Waterborne/ElPrezYachtShipyard/ElPrezYacht/Tropitanic/DA_ElPrezYacht_Tropitanic
Dolphin Therapy	DA_DolphinTherapy	Waterborne	Modern	Waterborne	Waterborne	PublicServices	PublicService	Healthcare	10000	0	0	False		C:\Program Files\Epic Games\Tropico6ModKit\Tropico6\Content\Blueprints\Buildings\DLC\Waterborne\DolphinTherapy\DA_DolphinTherapy.uasset	/Game/Blueprints/Buildings/DLC/Waterborne/DolphinTherapy/DA_DolphinTherapy
Marine Cleanup Station	DA_MarineCleanupStation	Waterborne	Modern	Waterborne	Waterborne	PublicServices	PublicService		10000	0	0	False		C:\Program Files\Epic Games\Tropico6ModKit\Tropico6\Content\Blueprints\Buildings\DLC\Waterborne\MarineCleanupStation\DA_MarineCleanupStation.uasset	/Game/Blueprints/Buildings/DLC/Waterborne/MarineCleanupStation/DA_MarineCleanupStation
Botanical Garden	DA_BotanicalGarden	World Wars	WorldWars	World Wars	WorldWars	Entertainment	Entertainment	Entertainment	4200	0	0	False	BuildBotanicalGarden	C:\Program Files\Epic Games\Tropico6ModKit\Tropico6\Content\Blueprints\Buildings\BuildingData\WorldWars\DA_BotanicalGarden.uasset	/Game/Blueprints/Buildings/WorldWars/BotanicalGarden/BP_BotanicalGarden.BP_BotanicalGarden_C
Fun Fair Pier	DA_FunFairPier	World Wars	WorldWars	World Wars	WorldWars	Entertainment	Entertainment	Entertainment	7350	0	0	False	BuildFunfairPier	C:\Program Files\Epic Games\Tropico6ModKit\Tropico6\Content\Blueprints\Buildings\BuildingData\WorldWars\DA_FunFairPier.uasset	/Game/Blueprints/Buildings/ColdWar/FunFairPier/BP_T6FunfairPier.BP_T6FunfairPier_C
Restaurant	DA_Restaurant	World Wars	WorldWars	World Wars	WorldWars	Entertainment	Entertainment	Entertainment	2600	0	0	False	BuildRestaurant	C:\Program Files\Epic Games\Tropico6ModKit\Tropico6\Content\Blueprints\Buildings\BuildingData\WorldWars\DA_Restaurant.uasset	/Game/Blueprints/Buildings/WorldWars/Restaurant/BP_Restaurant.BP_Restaurant_C
Oil Well	DA_OilWell	World Wars	WorldWars	World Wars	WorldWars	FoodAndResources	FoodResource	SoilResources	5000	0	0	False	BuildOilWell	C:\Program Files\Epic Games\Tropico6ModKit\Tropico6\Content\Blueprints\Buildings\BuildingData\WorldWars\DA_OilWell.uasset	/Game/Blueprints/Buildings/WorldWars/OilWell/BP_OilWell.BP_OilWell_C
Bank	DA_Bank	World Wars	WorldWars	World Wars	WorldWars	Government	GovernmentFinance		15000	0	0	False	BuildBank	C:\Program Files\Epic Games\Tropico6ModKit\Tropico6\Content\Blueprints\Buildings\BuildingData\WorldWars\DA_Bank.uasset	/Game/Blueprints/Buildings/WorldWars/Bank/BP_Bank.BP_Bank_C
Corruption Agency	DA_CorruptionAgency	World Wars	WorldWars	World Wars	WorldWars	Government	GovernmentFinance		10000	0	0	False		C:\Program Files\Epic Games\Tropico6ModKit\Tropico6\Content\Blueprints\Buildings\BuildingData\WorldWars\DA_CorruptionAgency.uasset	/Game/Blueprints/Buildings/DLC/Lobbyistico/WorldWar/Corruption_Agency/BP_T6CorruptionAgency.BP_T6CorruptionAgency_C
Customs Office	DA_CustomsOffice	World Wars	WorldWars	World Wars	WorldWars	Government	GovernmentFinance	Govermental	9000	0	0	False	BuildCustomsOffice	C:\Program Files\Epic Games\Tropico6ModKit\Tropico6\Content\Blueprints\Buildings\BuildingData\WorldWars\DA_CustomsOffice.uasset	/Game/Blueprints/Buildings/WorldWars/CustomsOffice/BP_CustomsOffice.BP_CustomsOffice_C
Embassy	DA_Embassy	World Wars	WorldWars	World Wars	WorldWars	Government	GovernmentFinance	Govermental	5000	0	0	False	BuildEmbassy	C:\Program Files\Epic Games\Tropico6ModKit\Tropico6\Content\Blueprints\Buildings\BuildingData\WorldWars\DA_Embassy.uasset	/Game/Blueprints/Buildings/WorldWars/Embassy/BP_Embassy.BP_Embassy_C
Immigration Office	DA_ImmigrationOffice	World Wars	WorldWars	World Wars	WorldWars	Government	GovernmentFinance	Govermental	4000	0	0	False	BuildImmigrationOffice	C:\Program Files\Epic Games\Tropico6ModKit\Tropico6\Content\Blueprints\Buildings\BuildingData\WorldWars\DA_ImmigrationOffice.uasset	/Game/Blueprints/Buildings/WorldWars/ImmigrationOffice/BP_ImmigrationOffice.BP_ImmigrationOffice_C
Ministry	DA_T6Ministry	World Wars	WorldWars	World Wars	WorldWars	Government	GovernmentFinance	Govermental	16000	0	0	False	BuildMinistry	C:\Program Files\Epic Games\Tropico6ModKit\Tropico6\Content\Blueprints\Buildings\BuildingData\WorldWars\DA_T6Ministry.uasset	/Game/Blueprints/Buildings/WorldWars/Ministry/BP_T6Ministry.BP_T6Ministry_C
Police Station	DA_PoliceStation	World Wars	WorldWars	World Wars	WorldWars	Government	GovernmentFinance	Govermental	2800	0	0	False	BuildPoliceStation	C:\Program Files\Epic Games\Tropico6ModKit\Tropico6\Content\Blueprints\Buildings\BuildingData\WorldWars\DA_PoliceStation.uasset	/Game/Blueprints/Buildings/WorldWars/PoliceStation/BP_PoliceStation.BP_PoliceStation_C
Prison	DA_Prison	World Wars	WorldWars	World Wars	WorldWars	Government	GovernmentFinance		12000	0	0	False	BuildPrison	C:\Program Files\Epic Games\Tropico6ModKit\Tropico6\Content\Blueprints\Buildings\BuildingData\WorldWars\DA_Prison.uasset	/Game/Blueprints/Buildings/WorldWars/Prison/BP_Prison.BP_Prison_C
Apartment	DA_Apartment	World Wars	WorldWars	World Wars	WorldWars	Housing	Housing	Residential	3000	0	0	False	BuildApartment	C:\Program Files\Epic Games\Tropico6ModKit\Tropico6\Content\Blueprints\Buildings\BuildingData\WorldWars\DA_Apartment.uasset	/Game/Blueprints/Buildings/WorldWars/Apartment/BP_Apartment.BP_Apartment_C
House	DA_House	World Wars	WorldWars	World Wars	WorldWars	Housing	Housing	Residential	1450	0	0	False	BuildHouse	C:\Program Files\Epic Games\Tropico6ModKit\Tropico6\Content\Blueprints\Buildings\BuildingData\WorldWars\DA_House.uasset	/Game/Blueprints/Buildings/WorldWars/House/BP_House.BP_House_C
Official Residence	DA_Official_Residence	World Wars	WorldWars	World Wars	WorldWars	Housing	Housing	Residential	2000	0	0	False		C:\Program Files\Epic Games\Tropico6ModKit\Tropico6\Content\Blueprints\Buildings\BuildingData\WorldWars\DA_Official_Residence.uasset	/Game/Blueprints/Buildings/DLC/Lobbyistico/ColdWar/Official_Residence/BP_T6OfficialResidence.BP_T6OfficialResidence_C
Cannery	DA_Cannery	World Wars	WorldWars	World Wars	WorldWars	Industry	Industry	Industrial	6500	0	0	False	BuildCannery	C:\Program Files\Epic Games\Tropico6ModKit\Tropico6\Content\Blueprints\Buildings\BuildingData\WorldWars\DA_Cannery.uasset	/Game/Blueprints/Buildings/WorldWars/Cannery/BP_Cannery.BP_Cannery_C
Cigar Factory	DA_CigarFactory	World Wars	WorldWars	World Wars	WorldWars	Industry	Industry	Industrial	13500	0	0	False	BuildCigarFactory	C:\Program Files\Epic Games\Tropico6ModKit\Tropico6\Content\Blueprints\Buildings\BuildingData\WorldWars\DA_CigarFactory.uasset	/Game/Blueprints/Buildings/WorldWars/CigarFactory/BP_CigarFactory.BP_CigarFactory_C
Creamery	DA_Creamery	World Wars	WorldWars	World Wars	WorldWars	Industry	Industry	Industrial	10500	0	0	False	BuildCreamery	C:\Program Files\Epic Games\Tropico6ModKit\Tropico6\Content\Blueprints\Buildings\BuildingData\WorldWars\DA_Creamery.uasset	/Game/Blueprints/Buildings/WorldWars/Creamery/BP_Creamery.BP_Creamery_C
Shipyard	DA_Shipyard	World Wars	WorldWars	World Wars	WorldWars	Industry	Industry	Industrial	9500	0	0	False	BuildShipyard	C:\Program Files\Epic Games\Tropico6ModKit\Tropico6\Content\Blueprints\Buildings\BuildingData\WorldWars\DA_Shipyard.uasset	/Game/Blueprints/Buildings/WorldWars/Shipyard/BP_Shipyard.BP_Shipyard_C
Steel Mill	DA_SteelMill	World Wars	WorldWars	World Wars	WorldWars	Industry	Industry	Industrial	9500	0	0	False	BuildSteelMill	C:\Program Files\Epic Games\Tropico6ModKit\Tropico6\Content\Blueprints\Buildings\BuildingData\WorldWars\DA_SteelMill.uasset	/Game/Blueprints/Buildings/WorldWars/SteelMill/BP_SteelMill.BP_SteelMill_C
Textile Mill	DA_TextileMill	World Wars	WorldWars	World Wars	WorldWars	Industry	Industry	Industrial	10500	0	0	False	BuildTextileMill	C:\Program Files\Epic Games\Tropico6ModKit\Tropico6\Content\Blueprints\Buildings\BuildingData\WorldWars\DA_TextileMill.uasset	/Game/Blueprints/Buildings/WorldWars/TextileMill/BP_TextileMill.BP_TextileMill_C
Weapons Factory	DA_WeaponsFactory	World Wars	WorldWars	World Wars	WorldWars	Industry	Industry	Industrial	18000	0	0	False	BuildWeaponsFactory	C:\Program Files\Epic Games\Tropico6ModKit\Tropico6\Content\Blueprints\Buildings\BuildingData\WorldWars\DA_WeaponsFactory.uasset	/Game/Blueprints/Buildings/WorldWars/WeaponsFactory/BP_WeaponsFactory.BP_WeaponsFactory_C
Bus Garage	DA_BusGarage	World Wars	WorldWars	World Wars	WorldWars	Infrastructure	Infrastructure		1500	0	0	False	BuildBusGarage	C:\Program Files\Epic Games\Tropico6ModKit\Tropico6\Content\Blueprints\Buildings\BuildingData\WorldWars\DA_BusGarage.uasset	/Game/Blueprints/Buildings/WorldWars/BusGarage/BP_BusGarage.BP_BusGarage_C
Bus Stop	DA_BusStop	World Wars	WorldWars	World Wars	WorldWars	Infrastructure	Infrastructure		0	0	0	False		C:\Program Files\Epic Games\Tropico6ModKit\Tropico6\Content\Blueprints\Buildings\BuildingData\WorldWars\DA_BusStop.uasset	/Game/Blueprints/Buildings/WorldWars/BusStop/BP_BusStop.BP_BusStop_C
Electric Substation	DA_ElectricSubstation	World Wars	WorldWars	World Wars	WorldWars	Infrastructure	Infrastructure		2000	0	0	False	BuildElectricSubstation	C:\Program Files\Epic Games\Tropico6ModKit\Tropico6\Content\Blueprints\Buildings\BuildingData\WorldWars\DA_ElectricSubstation.uasset	/Game/Blueprints/Buildings/WorldWars/ElectricSubstation/BP_ElectricSubstation.BP_ElectricSubstation_C
Parking Deck	DA_ParkingDeck	World Wars	WorldWars	World Wars	WorldWars	Infrastructure	Infrastructure		1200	0	0	False	BuildParkingDeck	C:\Program Files\Epic Games\Tropico6ModKit\Tropico6\Content\Blueprints\Buildings\BuildingData\WorldWars\DA_ParkingDeck.uasset	/Game/Blueprints/Buildings/WorldWars/ParkingDeck/BP_ParkingDeck.BP_ParkingDeck_C
Power Plant	DA_PowerPlant	World Wars	WorldWars	World Wars	WorldWars	Infrastructure	Infrastructure		12000	0	0	False	BuildPowerPlant	C:\Program Files\Epic Games\Tropico6ModKit\Tropico6\Content\Blueprints\Buildings\BuildingData\WorldWars\DA_PowerPlant.uasset	/Game/Blueprints/Buildings/WorldWars/PowerPlant/BP_PowerPlant.BP_PowerPlant_C
Tunnel	DA_Tunnel	World Wars	WorldWars	World Wars	WorldWars	Infrastructure	Infrastructure		2000	500	500	False	BuildTunnel	C:\Program Files\Epic Games\Tropico6ModKit\Tropico6\Content\Blueprints\Buildings\BuildingData\WorldWars\DA_Tunnel.uasset	/Game/Blueprints/Buildings/WorldWars/Tunnel/BP_T6Tunnel.BP_T6Tunnel_C
Ahu Akivi Moai Heads	DA_AhuAkiviMoaiHeads	World Wars	WorldWars	World Wars	WorldWars	Landmarks			12500	0	0	True	BuildAhuAkiviMoaiHeads	C:\Program Files\Epic Games\Tropico6ModKit\Tropico6\Content\Blueprints\Buildings\BuildingData\WorldWars\DA_AhuAkiviMoaiHeads.uasset	/Game/Blueprints/Buildings/Landmarks/AhuAkiviMoaiHeads/BP_T6AhuAkiviMoaiHeads.BP_T6AhuAkiviMoaiHeads_C
Eiffel Tower	DA_T6EiffelTower	World Wars	WorldWars	World Wars	WorldWars	Landmarks			12500	0	0	True		C:\Program Files\Epic Games\Tropico6ModKit\Tropico6\Content\Blueprints\Buildings\BuildingData\WorldWars\DA_T6EiffelTower.uasset	/Game/Blueprints/Buildings/Landmarks/EiffelTower/BP_T6EiffelTower.BP_T6EiffelTower_C
Great Wall	DA_T6GreatWall	World Wars	WorldWars	World Wars	WorldWars	Landmarks			15000	0	0	True	BuildGreatWall	C:\Program Files\Epic Games\Tropico6ModKit\Tropico6\Content\Blueprints\Buildings\BuildingData\WorldWars\DA_T6GreatWall.uasset	/Game/Blueprints/Buildings/Landmarks/GreatWall/BP_T6GreatWall.BP_T6GreatWall_C
Hikone Castle	DA_HikoneCastle	World Wars	WorldWars	World Wars	WorldWars	Landmarks			12500	0	0	True	BuildHikoneCastle	C:\Program Files\Epic Games\Tropico6ModKit\Tropico6\Content\Blueprints\Buildings\BuildingData\WorldWars\DA_HikoneCastle.uasset	/Game/Blueprints/Buildings/Landmarks/HikoneCastle/BP_T6HikoneCastle.BP_T6HikoneCastle_C
Taj Mahal	DA_T6TajMahal	World Wars	WorldWars	World Wars	WorldWars	Landmarks			12500	0	0	True	BuildTajMahal	C:\Program Files\Epic Games\Tropico6ModKit\Tropico6\Content\Blueprints\Buildings\BuildingData\WorldWars\DA_T6TajMahal.uasset	/Game/Blueprints/Buildings/Landmarks/TajMahal/BP_T6TajMahal.BP_T6TajMahal_C
Cabaret	DA_Cabaret	World Wars	WorldWars	World Wars	WorldWars	LuxuryEntertainment	LuxuryEntertainment	Entertainment	5000	0	0	False	BuildCabaret	C:\Program Files\Epic Games\Tropico6ModKit\Tropico6\Content\Blueprints\Buildings\BuildingData\WorldWars\DA_Cabaret.uasset	/Game/Blueprints/Buildings/WorldWars/Cabaret/BP_Cabaret.BP_Cabaret_C
El Presidente Club	DA_ElPresidenteClub	World Wars	WorldWars	World Wars	WorldWars	LuxuryEntertainment	LuxuryEntertainment		15000	0	0	False		C:\Program Files\Epic Games\Tropico6ModKit\Tropico6\Content\Blueprints\Buildings\BuildingData\WorldWars\DA_ElPresidenteClub.uasset	/Game/Blueprints/Buildings/DLC/Lobbyistico/WorldWar/ElPresidente_Club/BP_T6ElPresidenteClub.BP_T6ElPresidenteClub_C
College	DA_College	World Wars	WorldWars	World Wars	WorldWars	MediaAndEducation	MediaEducation	Educational	12000	0	0	False	BuildCollege	C:\Program Files\Epic Games\Tropico6ModKit\Tropico6\Content\Blueprints\Buildings\BuildingData\WorldWars\DA_College.uasset	/Game/Blueprints/Buildings/WorldWars/College/BP_College.BP_College_C
Highschool	DA_Highschool	World Wars	WorldWars	World Wars	WorldWars	MediaAndEducation	MediaEducation	Educational	7000	0	0	False	BuildHighSchool	C:\Program Files\Epic Games\Tropico6ModKit\Tropico6\Content\Blueprints\Buildings\BuildingData\WorldWars\DA_Highschool.uasset	/Game/Blueprints/Buildings/WorldWars/Highschool/BP_Highschool.BP_Highschool_C
Radio Station	DA_RadioStation	World Wars	WorldWars	World Wars	WorldWars	MediaAndEducation	MediaEducation	Media	2400	0	0	False	BuildRadioStation	C:\Program Files\Epic Games\Tropico6ModKit\Tropico6\Content\Blueprints\Buildings\BuildingData\WorldWars\DA_RadioStation.uasset	/Game/Blueprints/Buildings/WorldWars/RadioStation/BP_RadioStation.BP_RadioStation_C
Army Base	DA_ArmyBase	World Wars	WorldWars	World Wars	WorldWars	Military	Military	Military	15000	0	0	False	BuildArmyBase	C:\Program Files\Epic Games\Tropico6ModKit\Tropico6\Content\Blueprints\Buildings\BuildingData\WorldWars\DA_ArmyBase.uasset	/Game/Blueprints/Buildings/WorldWars/ArmyBase/BP_ArmyBase.BP_ArmyBase_C
Barracks	DA_Barracks	World Wars	WorldWars	World Wars	WorldWars	Military	Military	Military	6000	0	0	False	BuildBarracks	C:\Program Files\Epic Games\Tropico6ModKit\Tropico6\Content\Blueprints\Buildings\BuildingData\WorldWars\DA_Barracks.uasset	/Game/Blueprints/Buildings/WorldWars/Barracks/BP_Barracks.BP_Barracks_C
Commando Garrison	DA_T6CommandoGarrison	World Wars	WorldWars	World Wars	WorldWars	Military	Military	Raid	8000	0	0	False	BuildCommandoGarrison	C:\Program Files\Epic Games\Tropico6ModKit\Tropico6\Content\Blueprints\Buildings\BuildingData\WorldWars\DA_T6CommandoGarrison.uasset	/Game/Blueprints/Buildings/WorldWars/CommandoGarrison/BP_T6CommandoGarrison.BP_T6CommandoGarrison_C
Watchtower	DA_Watchtower	World Wars	WorldWars	World Wars	WorldWars	Military	Military	Military	600	0	0	False	BuildWatchtower	C:\Program Files\Epic Games\Tropico6ModKit\Tropico6\Content\Blueprints\Buildings\BuildingData\WorldWars\DA_Watchtower.uasset	/Game/Blueprints/Buildings/WorldWars/Watchtower/BP_T6Watchtower.BP_T6Watchtower_C
Church	DA_Church	World Wars	WorldWars	World Wars	WorldWars	PublicServices	PublicService	Religious	4600	0	0	False	BuildChurch	C:\Program Files\Epic Games\Tropico6ModKit\Tropico6\Content\Blueprints\Buildings\BuildingData\WorldWars\DA_Church.uasset	/Game/Blueprints/Buildings/WorldWars/Church/BP_Church.BP_Church_C
Clinic	DA_Clinic	World Wars	WorldWars	World Wars	WorldWars	PublicServices	PublicService	Healthcare	3000	0	0	False	BuildClinic	C:\Program Files\Epic Games\Tropico6ModKit\Tropico6\Content\Blueprints\Buildings\BuildingData\WorldWars\DA_Clinic.uasset	/Game/Blueprints/Buildings/WorldWars/Clinic/BP_Clinic.BP_Clinic_C
Fire Station	DA_FireStation	World Wars	WorldWars	World Wars	WorldWars	PublicServices	PublicService		4500	0	0	False	BuildFireStation	C:\Program Files\Epic Games\Tropico6ModKit\Tropico6\Content\Blueprints\Buildings\BuildingData\WorldWars\DA_FireStation.uasset	/Game/Blueprints/Buildings/WorldWars/FireStation/BP_FireStation.BP_FireStation_C
Mask Mill	DA_MaskMill	Zombie	Modern	Zombie	Zombie	Industry	Industry	Industrial	12000	0	0	False		C:\Program Files\Epic Games\Tropico6ModKit\Tropico6\Content\Blueprints\Buildings\DLC\Zombie\MaskMill\DA_MaskMill.uasset	/Game/Blueprints/Buildings/DLC/Zombie/MaskMill/DA_MaskMill
Medical Check Point	DA_MedicalCheckpoint	Zombie	Modern	Zombie	Zombie	Military	Military		500	0	0	False		C:\Program Files\Epic Games\Tropico6ModKit\Tropico6\Content\Blueprints\Buildings\DLC\Zombie\MedicalCheckPoint\DA_MedicalCheckpoint.uasset	/Game/Blueprints/Buildings/DLC/Zombie/MedicalCheckPoint/DA_MedicalCheckpoint
Cure Cannon	DA_CureCannon	Zombie	Modern	Zombie	Zombie	PublicServices	PublicService		5000	0	0	False		C:\Program Files\Epic Games\Tropico6ModKit\Tropico6\Content\Blueprints\Buildings\DLC\Zombie\CureCannon\DA_CureCannon.uasset	/Game/Blueprints/Buildings/DLC/Zombie/CureCannon/DA_CureCannon
Isolation Center	DA_T6IsolationCenterBP	Zombie	Modern	Zombie	Zombie	PublicServices	PublicService		3500	0	0	False		C:\Program Files\Epic Games\Tropico6ModKit\Tropico6\Content\Blueprints\Buildings\DLC\Zombie\IsolationCenter\DA_T6IsolationCenterBP.uasset	/Game/Blueprints/Buildings/DLC/Zombie/IsolationCenter/DA_T6IsolationCenterBP
Mega Hospital	DA_T6MegaHospital	Zombie	Modern	Zombie	Zombie	PublicServices	PublicService	Healthcare	10000	0	0	False		C:\Program Files\Epic Games\Tropico6ModKit\Tropico6\Content\Blueprints\Buildings\DLC\Zombie\MegaHospital\DA_T6MegaHospital.uasset	/Game/Blueprints/Buildings/DLC/Zombie/MegaHospital/DA_T6MegaHospital.DA_T6MegaHospital
Snake Oil Salesman	DA_SnakeOilSalesman	Zombie	Modern	Zombie	Zombie	PublicServices	PublicService		5000	0	0	False		C:\Program Files\Epic Games\Tropico6ModKit\Tropico6\Content\Blueprints\Buildings\DLC\Zombie\SnakeOilSalesman\DA_SnakeOilSalesman.uasset	/Game/Blueprints/Buildings/DLC/Zombie/SnakeOilSalesman/DA_SnakeOilSalesman
TCDC	DA_TCDC	Zombie	Modern	Zombie	Zombie	PublicServices	PublicService		12000	0	0	False		C:\Program Files\Epic Games\Tropico6ModKit\Tropico6\Content\Blueprints\Buildings\DLC\Zombie\TCDC\DA_TCDC.uasset	/Game/Blueprints/Buildings/DLC/Zombie/TCDC/DA_TCDC
Water Tower	DA_WaterTower	Zombie	Modern	Zombie	Zombie	PublicServices	PublicService		1200	0	0	False		C:\Program Files\Epic Games\Tropico6ModKit\Tropico6\Content\Blueprints\Buildings\DLC\Zombie\WaterTower\DA_WaterTower.uasset	/Game/Blueprints/Buildings/DLC/Zombie/WaterTower/DA_WaterTower
Water Well	DA_WaterWell	Zombie	Modern	Zombie	Zombie	PublicServices	PublicService		600	0	0	False		C:\Program Files\Epic Games\Tropico6ModKit\Tropico6\Content\Blueprints\Buildings\DLC\Zombie\WaterWell\DA_WaterWell.uasset	/Game/Blueprints/Buildings/DLC/Zombie/WaterWell/DA_WaterWell.DA_WaterWell
